novel,split,unique,words
pg1410,06,820,2279
pg1410,71,4292,23078
pg1410,14,1601,4798
pg1410,66,4102,21511
pg1410,10,1232,3546
pg1410,18,1915,6053
pg1410,39,3050,12769
pg1410,36,2889,11807
pg1410,35,2847,11494
pg1410,01,305,631
pg1410,16,1763,5422
pg1410,34,2810,11160
pg1410,08,1022,2924
pg1410,76,4455,24698
pg1410,64,4014,20860
pg1410,13,1519,4477
pg1410,28,2542,9254
pg1410,09,1136,3234
pg1410,02,424,962
pg1410,42,3203,13722
pg1410,12,1444,4169
pg1410,32,2720,10522
pg1410,25,2380,8297
pg1410,07,905,2599
pg1410,20,2028,6696
pg1410,43,3268,14055
pg1410,41,3161,13404
pg1410,30,2628,9886
pg1410,27,2480,8932
pg1410,23,2217,7679
pg1410,11,1339,3866
pg1410,03,539,1292
pg1410,04,642,1625
pg1410,05,744,1953
pg1410,50,3522,16317
pg1410,33,2772,10841
pg1410,38,3000,12455
pg1410,72,4315,23415
pg1410,17,1838,5725
pg1410,57,3734,18561
pg1410,61,3893,19886
pg1410,15,1678,5113
pg1410,00,164,296
pg1410,31,2672,10217
pg1410,21,2114,7016
pg1410,22,2176,7341
pg1410,19,1976,6380
pg1410,48,3461,15685
pg1410,45,3358,14709
pg1410,24,2296,7978
pg1410,59,3809,19255
pg1410,77,4492,25028
pg1410,80,4572,25991
pg1410,44,3320,14396
pg1410,65,4059,21186
pg1410,58,3777,18907
pg1410,40,3103,13085
pg1410,47,3435,15360
pg1410,84,4698,27272
pg1410,74,4369,24058
pg1410,37,2953,12149
pg1410,53,3613,17257
pg1410,54,3645,17601
pg1410,46,3400,15032
pg1410,67,4146,21811
pg1410,68,4187,22134
pg1410,26,2421,8614
pg1410,88,4807,28518
pg1410,97,5050,31084
pg1410,56,3697,18232
pg1410,63,3959,20535
pg1410,78,4521,25350
pg1410,70,4269,22763
pg1410,29,2600,9568
pg1410,79,4545,25671
pg1410,51,3554,16624
pg1410,62,3930,20216
pg1410,94,4960,30238
pg1410,73,4337,23728
pg1410,75,4413,24374
pg1410,98,5094,31349
pg1410,87,4768,28270
pg1410,90,4875,29047
pg1410,55,3675,17902
pg1410,83,4677,26959
pg1410,95,4994,30516
pg1410,91,4893,29354
pg1410,69,4233,22442
pg1410,60,3849,19587
pg1410,81,4620,26302
pg1410,49,3487,15991
pg1410,85,4723,27608
pg1410,89,4841,28754
pg1410,82,4655,26618
pg1410,99,5122,31638
pg1410,52,3583,16936
pg1410,92,4914,29654
pg1410,86,4743,27936
pg1410,96,5022,30813
pg1410,93,4939,29949
DickensAChristmasCarol,41,2709,13767
DickensAChristmasCarol,35,2476,11720
DickensAChristmasCarol,25,1971,8324
DickensAChristmasCarol,22,1806,7305
DickensAChristmasCarol,08,891,2610
DickensAChristmasCarol,09,954,2919
DickensAChristmasCarol,19,1645,6320
DickensAChristmasCarol,01,250,486
DickensAChristmasCarol,06,754,1940
DickensAChristmasCarol,20,1706,6641
DickensAChristmasCarol,07,828,2287
DickensAChristmasCarol,05,661,1598
DickensAChristmasCarol,57,3446,19133
DickensAChristmasCarol,66,3772,22219
DickensAChristmasCarol,92,4415,31121
DickensAChristmasCarol,11,1141,3577
DickensAChristmasCarol,33,2379,11021
DickensAChristmasCarol,31,2284,10354
DickensAChristmasCarol,70,3883,23573
DickensAChristmasCarol,10,1036,3251
DickensAChristmasCarol,14,1325,4635
DickensAChristmasCarol,24,1906,7971
DickensAChristmasCarol,38,2580,12754
DickensAChristmasCarol,23,1857,7639
DickensAChristmasCarol,13,1256,4285
DickensAChristmasCarol,77,4113,26047
DickensAChristmasCarol,39,2626,13101
DickensAChristmasCarol,47,3066,15736
DickensAChristmasCarol,29,2200,9682
DickensAChristmasCarol,17,1522,5632
DickensAChristmasCarol,46,2987,15403
DickensAChristmasCarol,04,537,1251
DickensAChristmasCarol,75,4067,25349
DickensAChristmasCarol,12,1200,3930
DickensAChristmasCarol,30,2249,10011
DickensAChristmasCarol,02,330,677
DickensAChristmasCarol,68,3820,22915
DickensAChristmasCarol,40,2683,13439
DickensAChristmasCarol,15,1401,4958
DickensAChristmasCarol,69,3841,23237
DickensAChristmasCarol,18,1581,5973
DickensAChristmasCarol,36,2507,12048
DickensAChristmasCarol,00,158,255
DickensAChristmasCarol,32,2332,10683
DickensAChristmasCarol,34,2431,11362
DickensAChristmasCarol,03,410,920
DickensAChristmasCarol,28,2126,9322
DickensAChristmasCarol,42,2750,14094
DickensAChristmasCarol,58,3496,19485
DickensAChristmasCarol,88,4300,29894
DickensAChristmasCarol,63,3654,21210
DickensAChristmasCarol,26,2013,8651
DickensAChristmasCarol,61,3603,20518
DickensAChristmasCarol,95,4520,32010
DickensAChristmasCarol,78,4122,26403
DickensAChristmasCarol,73,3997,24636
DickensAChristmasCarol,21,1756,6988
DickensAChristmasCarol,50,3173,16734
DickensAChristmasCarol,84,4232,28481
DickensAChristmasCarol,93,4441,31422
DickensAChristmasCarol,27,2063,8984
DickensAChristmasCarol,45,2919,15099
DickensAChristmasCarol,43,2819,14437
DickensAChristmasCarol,89,4320,30202
DickensAChristmasCarol,54,3329,18104
DickensAChristmasCarol,65,3725,21895
DickensAChristmasCarol,83,4209,28145
DickensAChristmasCarol,71,3935,23918
DickensAChristmasCarol,97,4583,32600
DickensAChristmasCarol,16,1476,5297
DickensAChristmasCarol,72,3957,24274
DickensAChristmasCarol,48,3097,16073
DickensAChristmasCarol,74,4028,25011
DickensAChristmasCarol,49,3137,16403
DickensAChristmasCarol,37,2549,12402
DickensAChristmasCarol,44,2866,14761
DickensAChristmasCarol,96,4549,32317
DickensAChristmasCarol,52,3257,17413
DickensAChristmasCarol,53,3292,17755
DickensAChristmasCarol,64,3693,21568
DickensAChristmasCarol,51,3211,17079
DickensAChristmasCarol,55,3357,18461
DickensAChristmasCarol,67,3803,22565
DickensAChristmasCarol,62,3631,20862
DickensAChristmasCarol,98,4631,32874
DickensAChristmasCarol,81,4166,27444
DickensAChristmasCarol,94,4475,31723
DickensAChristmasCarol,91,4390,30808
DickensAChristmasCarol,56,3398,18787
DickensAChristmasCarol,76,4092,25705
DickensAChristmasCarol,60,3565,20164
DickensAChristmasCarol,59,3534,19811
DickensAChristmasCarol,79,4134,26751
DickensAChristmasCarol,87,4283,29536
DickensAChristmasCarol,85,4261,28855
DickensAChristmasCarol,82,4188,27799
DickensAChristmasCarol,86,4273,29192
DickensAChristmasCarol,80,4143,27102
DickensAChristmasCarol,99,4669,33163
DickensAChristmasCarol,90,4362,30487
LondonCallofTheWild,12,1416,4678
LondonCallofTheWild,06,924,2485
LondonCallofTheWild,45,3160,16559
LondonCallofTheWild,03,613,1400
LondonCallofTheWild,28,2419,10398
LondonCallofTheWild,04,729,1759
LondonCallofTheWild,26,2327,9696
LondonCallofTheWild,08,1084,3216
LondonCallofTheWild,35,2755,12932
LondonCallofTheWild,02,492,1036
LondonCallofTheWild,15,1639,5742
LondonCallofTheWild,05,826,2119
LondonCallofTheWild,00,196,325
LondonCallofTheWild,16,1703,6097
LondonCallofTheWild,55,3553,20146
LondonCallofTheWild,84,4613,30534
LondonCallofTheWild,73,4235,26609
LondonCallofTheWild,96,4998,34587
LondonCallofTheWild,18,1858,6806
LondonCallofTheWild,13,1508,5026
LondonCallofTheWild,07,1010,2840
LondonCallofTheWild,19,1941,7160
LondonCallofTheWild,10,1249,3944
LondonCallofTheWild,14,1569,5366
LondonCallofTheWild,01,355,678
LondonCallofTheWild,11,1331,4311
LondonCallofTheWild,39,2911,14394
LondonCallofTheWild,20,2000,7522
LondonCallofTheWild,41,2986,15120
LondonCallofTheWild,36,2792,13294
LondonCallofTheWild,17,1781,6454
LondonCallofTheWild,09,1168,3590
LondonCallofTheWild,27,2372,10050
LondonCallofTheWild,30,2532,11116
LondonCallofTheWild,37,2828,13658
LondonCallofTheWild,31,2586,11481
LondonCallofTheWild,49,3322,17990
LondonCallofTheWild,34,2722,12558
LondonCallofTheWild,22,2119,8240
LondonCallofTheWild,24,2234,8966
LondonCallofTheWild,38,2878,14032
LondonCallofTheWild,32,2631,11860
LondonCallofTheWild,48,3280,17639
LondonCallofTheWild,74,4286,26970
LondonCallofTheWild,58,3643,21247
LondonCallofTheWild,23,2180,8601
LondonCallofTheWild,46,3207,16910
LondonCallofTheWild,25,2276,9328
LondonCallofTheWild,51,3391,18713
LondonCallofTheWild,21,2056,7887
LondonCallofTheWild,54,3514,19781
LondonCallofTheWild,97,5034,34883
LondonCallofTheWild,53,3482,19417
LondonCallofTheWild,43,3052,15844
LondonCallofTheWild,40,2958,14749
LondonCallofTheWild,57,3617,20879
LondonCallofTheWild,33,2677,12217
LondonCallofTheWild,68,4020,24859
LondonCallofTheWild,91,4829,33002
LondonCallofTheWild,62,3807,22696
LondonCallofTheWild,29,2482,10770
LondonCallofTheWild,42,3020,15478
LondonCallofTheWild,65,3916,23773
LondonCallofTheWild,78,4420,28408
LondonCallofTheWild,60,3734,21959
LondonCallofTheWild,44,3099,16205
LondonCallofTheWild,81,4520,29459
LondonCallofTheWild,50,3356,18351
LondonCallofTheWild,64,3879,23407
LondonCallofTheWild,85,4642,30899
LondonCallofTheWild,83,4593,30172
LondonCallofTheWild,52,3441,19062
LondonCallofTheWild,47,3242,17283
LondonCallofTheWild,89,4749,32346
LondonCallofTheWild,67,3982,24491
LondonCallofTheWild,61,3775,22324
LondonCallofTheWild,94,4921,33952
LondonCallofTheWild,87,4694,31628
LondonCallofTheWild,69,4063,25216
LondonCallofTheWild,59,3683,21600
LondonCallofTheWild,56,3597,20505
LondonCallofTheWild,63,3842,23055
LondonCallofTheWild,72,4183,26263
LondonCallofTheWild,71,4145,25904
LondonCallofTheWild,82,4564,29808
LondonCallofTheWild,79,4440,28757
LondonCallofTheWild,70,4108,25579
LondonCallofTheWild,77,4396,28046
LondonCallofTheWild,75,4318,27323
LondonCallofTheWild,76,4365,27696
LondonCallofTheWild,88,4719,31978
LondonCallofTheWild,93,4881,33640
LondonCallofTheWild,95,4963,34263
LondonCallofTheWild,92,4856,33317
LondonCallofTheWild,98,5079,35166
LondonCallofTheWild,66,3947,24132
LondonCallofTheWild,86,4673,31254
LondonCallofTheWild,90,4799,32670
LondonCallofTheWild,80,4481,29097
LondonCallofTheWild,99,5114,35465
pg22082,23,346,894
pg22082,75,675,2854
pg22082,09,163,375
pg22082,35,431,1358
pg22082,64,602,2443
pg22082,06,127,262
pg22082,31,404,1201
pg22082,03,81,141
pg22082,02,59,100
pg22082,43,481,1660
pg22082,15,236,593
pg22082,05,120,219
pg22082,04,103,183
pg22082,07,141,304
pg22082,33,417,1274
pg22082,32,411,1238
pg22082,30,399,1164
pg22082,08,153,338
pg22082,68,636,2590
pg22082,26,368,997
pg22082,13,227,522
pg22082,01,47,70
pg22082,24,355,922
pg22082,10,184,421
pg22082,11,191,458
pg22082,28,382,1073
pg22082,57,562,2177
pg22082,90,784,3374
pg22082,89,774,3332
pg22082,25,363,962
pg22082,70,641,2665
pg22082,34,422,1315
pg22082,16,250,636
pg22082,77,686,2927
pg22082,99,849,3690
pg22082,73,661,2789
pg22082,00,37,48
pg22082,19,294,744
pg22082,12,208,485
pg22082,36,437,1394
pg22082,39,460,1509
pg22082,72,651,2745
pg22082,61,581,2338
pg22082,65,615,2478
pg22082,71,647,2703
pg22082,74,666,2824
pg22082,48,500,1855
pg22082,79,701,3000
pg22082,38,456,1477
pg22082,82,722,3098
pg22082,91,790,3406
pg22082,18,281,712
pg22082,21,323,819
pg22082,49,502,1892
pg22082,52,528,2007
pg22082,41,474,1577
pg22082,17,264,670
pg22082,20,308,773
pg22082,42,474,1624
pg22082,29,389,1113
pg22082,27,373,1037
pg22082,22,332,849
pg22082,69,639,2629
pg22082,54,537,2082
pg22082,56,557,2153
pg22082,53,529,2047
pg22082,66,618,2516
pg22082,47,497,1812
pg22082,14,234,564
pg22082,86,756,3234
pg22082,83,726,3129
pg22082,40,466,1542
pg22082,85,748,3207
pg22082,78,692,2960
pg22082,45,489,1742
pg22082,93,807,3473
pg22082,94,818,3515
pg22082,58,569,2227
pg22082,67,628,2547
pg22082,98,845,3658
pg22082,51,522,1963
pg22082,50,514,1926
pg22082,87,759,3266
pg22082,37,447,1430
pg22082,46,493,1775
pg22082,60,578,2306
pg22082,62,584,2376
pg22082,81,717,3067
pg22082,44,485,1695
pg22082,55,548,2115
pg22082,95,822,3542
pg22082,88,766,3301
pg22082,59,574,2266
pg22082,63,592,2404
pg22082,97,838,3622
pg22082,92,799,3448
pg22082,80,710,3037
pg22082,96,830,3577
pg22082,76,681,2895
pg22082,84,738,3166
KiplingJungleBook,01,448,1054
KiplingJungleBook,03,701,2196
KiplingJungleBook,35,2605,20217
KiplingJungleBook,00,269,502
KiplingJungleBook,97,4869,54535
KiplingJungleBook,96,4795,54061
KiplingJungleBook,10,1271,6240
KiplingJungleBook,21,1884,12402
KiplingJungleBook,28,2278,16294
KiplingJungleBook,16,1597,9631
KiplingJungleBook,70,3874,39804
KiplingJungleBook,22,1933,12967
KiplingJungleBook,09,1211,5652
KiplingJungleBook,26,2181,15186
KiplingJungleBook,08,1128,5091
KiplingJungleBook,04,802,2777
KiplingJungleBook,06,993,3939
KiplingJungleBook,07,1059,4509
KiplingJungleBook,11,1309,6842
KiplingJungleBook,33,2511,19089
KiplingJungleBook,15,1538,9069
KiplingJungleBook,05,896,3359
KiplingJungleBook,02,595,1612
KiplingJungleBook,24,2070,14084
KiplingJungleBook,45,2987,25696
KiplingJungleBook,43,2877,24601
KiplingJungleBook,12,1375,7428
KiplingJungleBook,87,4418,49320
KiplingJungleBook,39,2745,22440
KiplingJungleBook,27,2242,15755
KiplingJungleBook,25,2119,14639
KiplingJungleBook,23,2022,13529
KiplingJungleBook,31,2414,17945
KiplingJungleBook,17,1644,10171
KiplingJungleBook,14,1474,8522
KiplingJungleBook,30,2370,17354
KiplingJungleBook,37,2661,21349
KiplingJungleBook,13,1415,7958
KiplingJungleBook,55,3371,31349
KiplingJungleBook,18,1709,10723
KiplingJungleBook,76,4087,43120
KiplingJungleBook,19,1775,11292
KiplingJungleBook,20,1840,11850
KiplingJungleBook,36,2627,20780
KiplingJungleBook,38,2708,21882
KiplingJungleBook,40,2783,22995
KiplingJungleBook,90,4492,51046
KiplingJungleBook,34,2559,19642
KiplingJungleBook,66,3678,37603
KiplingJungleBook,29,2318,16849
KiplingJungleBook,56,3404,31867
KiplingJungleBook,48,3122,27396
KiplingJungleBook,52,3275,29647
KiplingJungleBook,58,3504,33002
KiplingJungleBook,53,3316,30195
KiplingJungleBook,59,3527,33579
KiplingJungleBook,85,4357,48168
KiplingJungleBook,32,2458,18515
KiplingJungleBook,46,3035,26263
KiplingJungleBook,80,4192,45335
KiplingJungleBook,62,3604,35290
KiplingJungleBook,60,3557,34162
KiplingJungleBook,50,3210,28511
KiplingJungleBook,41,2809,23563
KiplingJungleBook,42,2830,24089
KiplingJungleBook,63,3631,35880
KiplingJungleBook,54,3343,30774
KiplingJungleBook,44,2931,25145
KiplingJungleBook,64,3646,36463
KiplingJungleBook,47,3083,26832
KiplingJungleBook,95,4735,53590
KiplingJungleBook,57,3462,32419
KiplingJungleBook,74,4011,42021
KiplingJungleBook,65,3661,37038
KiplingJungleBook,71,3914,40364
KiplingJungleBook,68,3774,38688
KiplingJungleBook,77,4116,43658
KiplingJungleBook,61,3582,34719
KiplingJungleBook,84,4339,47560
KiplingJungleBook,51,3247,29080
KiplingJungleBook,72,3942,40924
KiplingJungleBook,75,4051,42581
KiplingJungleBook,69,3819,39248
KiplingJungleBook,67,3712,38142
KiplingJungleBook,49,3163,27948
KiplingJungleBook,91,4532,51613
KiplingJungleBook,82,4279,46433
KiplingJungleBook,83,4309,46998
KiplingJungleBook,73,3973,41461
KiplingJungleBook,92,4576,52137
KiplingJungleBook,98,4942,54966
KiplingJungleBook,94,4692,53105
KiplingJungleBook,79,4173,44776
KiplingJungleBook,86,4377,48744
KiplingJungleBook,78,4144,44218
KiplingJungleBook,89,4468,50479
KiplingJungleBook,81,4233,45850
KiplingJungleBook,88,4442,49905
KiplingJungleBook,93,4638,52621
KiplingJungleBook,99,5003,55425
pg13314,08,1376,5093
pg13314,33,3107,19285
pg13314,53,3897,30909
pg13314,17,2082,10170
pg13314,68,4318,39699
pg13314,02,680,1658
pg13314,97,5219,55994
pg13314,82,4710,47714
pg13314,44,3577,25675
pg13314,35,3186,20440
pg13314,46,3678,26805
pg13314,73,4463,42479
pg13314,20,2283,11841
pg13314,69,4350,40262
pg13314,89,4892,51668
pg13314,16,2014,9621
pg13314,85,4786,49398
pg13314,09,1458,5670
pg13314,37,3292,21575
pg13314,06,1175,3943
pg13314,00,311,544
pg13314,64,4209,37388
pg13314,39,3389,22721
pg13314,01,491,1107
pg13314,78,4602,45419
pg13314,04,936,2787
pg13314,03,797,2230
pg13314,71,4404,41357
pg13314,38,3344,22157
pg13314,05,1050,3378
pg13314,24,2584,14128
pg13314,07,1269,4500
pg13314,12,1722,7374
pg13314,31,3022,18149
pg13314,32,3066,18714
pg13314,10,1543,6237
pg13314,11,1626,6813
pg13314,14,1872,8511
pg13314,15,1944,9064
pg13314,13,1812,7940
pg13314,22,2448,12974
pg13314,18,2149,10733
pg13314,21,2377,12412
pg13314,25,2643,14705
pg13314,27,2759,15826
pg13314,26,2702,15264
pg13314,28,2839,16404
pg13314,30,2957,17564
pg13314,55,3969,32116
pg13314,19,2220,11285
pg13314,40,3415,23326
pg13314,23,2527,13536
pg13314,45,3623,26249
pg13314,29,2897,16982
pg13314,48,3761,27958
pg13314,51,3848,29720
pg13314,42,3483,24513
pg13314,34,3150,19854
pg13314,49,3792,28549
pg13314,43,3523,25103
pg13314,41,3447,23911
pg13314,77,4574,44830
pg13314,36,3243,20997
pg13314,84,4767,48825
pg13314,66,4265,38539
pg13314,62,4152,36201
pg13314,52,3872,30307
pg13314,60,4095,35026
pg13314,47,3714,27386
pg13314,56,4003,32716
pg13314,74,4483,43062
pg13314,54,3935,31516
pg13314,50,3816,29142
pg13314,59,4070,34454
pg13314,75,4505,43654
pg13314,57,4025,33302
pg13314,88,4872,51083
pg13314,61,4128,35633
pg13314,96,5165,55499
pg13314,67,4291,39115
pg13314,58,4046,33880
pg13314,76,4538,44236
pg13314,79,4629,45992
pg13314,70,4373,40795
pg13314,81,4679,47145
pg13314,63,4182,36792
pg13314,65,4230,37977
pg13314,99,5343,56940
pg13314,98,5288,56464
pg13314,86,4812,49951
pg13314,72,4432,41912
pg13314,92,4979,53414
pg13314,94,5078,54487
pg13314,87,4845,50504
pg13314,95,5115,54991
pg13314,83,4737,48278
pg13314,80,4648,46593
pg13314,93,5013,53968
pg13314,91,4943,52832
pg13314,90,4920,52243
pg2482,27,1207,3891
pg2482,30,1307,4316
pg2482,22,1014,3173
pg2482,24,1093,3462
pg2482,16,750,2298
pg2482,80,2515,11574
pg2482,39,1582,5635
pg2482,54,1961,7783
pg2482,38,1544,5487
pg2482,25,1123,3608
pg2482,02,217,429
pg2482,56,2005,8076
pg2482,58,2054,8370
pg2482,10,539,1554
pg2482,46,1799,6627
pg2482,17,802,2450
pg2482,18,846,2590
pg2482,84,2602,12177
pg2482,44,1748,6351
pg2482,51,1912,7341
pg2482,01,151,271
pg2482,14,662,2053
pg2482,97,2828,14089
pg2482,04,315,707
pg2482,07,442,1145
pg2482,05,370,843
pg2482,66,2229,9538
pg2482,62,2154,8943
pg2482,74,2385,10712
pg2482,96,2808,13932
pg2482,06,411,992
pg2482,12,592,1792
pg2482,50,1884,7194
pg2482,03,262,566
pg2482,76,2424,10999
pg2482,55,1980,7932
pg2482,57,2032,8225
pg2482,47,1815,6782
pg2482,13,622,1913
pg2482,41,1655,5908
pg2482,86,2631,12479
pg2482,93,2755,13500
pg2482,08,483,1267
pg2482,68,2267,9826
pg2482,45,1773,6484
pg2482,94,2778,13653
pg2482,28,1242,4032
pg2482,43,1722,6192
pg2482,11,566,1677
pg2482,15,708,2176
pg2482,99,2867,14370
pg2482,32,1376,4590
pg2482,98,2846,14231
pg2482,83,2584,12044
pg2482,71,2321,10279
pg2482,23,1056,3319
pg2482,40,1624,5775
pg2482,87,2639,12618
pg2482,95,2789,13791
pg2482,00,84,140
pg2482,31,1343,4462
pg2482,20,926,2876
pg2482,09,504,1415
pg2482,82,2561,11879
pg2482,81,2535,11739
pg2482,26,1168,3744
pg2482,61,2137,8800
pg2482,60,2103,8660
pg2482,19,893,2732
pg2482,21,970,3034
pg2482,36,1488,5198
pg2482,34,1427,4898
pg2482,63,2165,9092
pg2482,33,1405,4748
pg2482,35,1451,5038
pg2482,90,2699,13053
pg2482,29,1276,4176
pg2482,53,1941,7635
pg2482,42,1692,6061
pg2482,70,2298,10136
pg2482,78,2470,11292
pg2482,48,1839,6911
pg2482,52,1924,7494
pg2482,69,2282,9972
pg2482,37,1521,5337
pg2482,49,1863,7049
pg2482,72,2344,10418
pg2482,65,2208,9386
pg2482,73,2363,10568
pg2482,79,2497,11441
pg2482,75,2404,10856
pg2482,64,2182,9243
pg2482,92,2741,13351
pg2482,67,2253,9680
pg2482,89,2680,12906
pg2482,91,2722,13203
pg2482,59,2080,8516
pg2482,88,2663,12765
pg2482,77,2450,11147
pg2482,85,2616,12325
27531-0,08,1427,5315
27531-0,00,239,506
27531-0,13,1869,8317
27531-0,05,1023,3515
27531-0,14,1913,8912
27531-0,17,2123,10705
27531-0,12,1806,7705
27531-0,04,870,2941
27531-0,11,1732,7113
27531-0,02,601,1768
27531-0,09,1531,5923
27531-0,15,1976,9492
27531-0,28,3000,17244
27531-0,01,431,1165
27531-0,35,3444,21334
27531-0,61,4779,36817
27531-0,07,1300,4712
27531-0,18,2199,11281
27531-0,21,2429,13051
27531-0,46,3981,27918
27531-0,24,2689,14797
27531-0,26,2821,16037
27531-0,30,3141,18467
27531-0,62,4823,37433
27531-0,10,1637,6520
27531-0,31,3213,19067
27531-0,95,6340,56282
27531-0,37,3545,22541
27531-0,23,2599,14211
27531-0,16,2033,10104
27531-0,88,6080,52666
27531-0,19,2266,11877
27531-0,47,4025,28491
27531-0,86,5973,51533
27531-0,51,4224,30868
27531-0,38,3595,23104
27531-0,25,2754,15428
27531-0,06,1168,4126
27531-0,22,2518,13656
27531-0,54,4391,32671
27531-0,72,5347,43292
27531-0,50,4177,30258
27531-0,03,746,2354
27531-0,39,3632,23709
27531-0,84,5888,50372
27531-0,27,2904,16640
27531-0,34,3389,20774
27531-0,32,3280,19624
27531-0,60,4727,36227
27531-0,20,2330,12448
27531-0,83,5837,49790
27531-0,43,3830,26134
27531-0,29,3072,17852
27531-0,33,3338,20186
27531-0,90,6132,53584
27531-0,74,5429,44463
27531-0,36,3498,21951
27531-0,48,4079,29070
27531-0,42,3783,25514
27531-0,52,4277,31500
27531-0,64,4919,38620
27531-0,41,3739,24919
27531-0,58,4618,35061
27531-0,59,4687,35631
27531-0,53,4339,32081
27531-0,45,3938,27314
27531-0,40,3682,24329
27531-0,76,5505,45634
27531-0,65,4972,39204
27531-0,77,5533,46268
27531-0,71,5286,42734
27531-0,55,4455,33276
27531-0,44,3873,26725
27531-0,66,5022,39789
27531-0,69,5179,41567
27531-0,49,4119,29653
27531-0,63,4881,38006
27531-0,82,5787,49218
27531-0,67,5069,40380
27531-0,70,5244,42151
27531-0,73,5387,43863
27531-0,92,6221,54660
27531-0,68,5121,40982
27531-0,93,6257,55180
27531-0,75,5480,45020
27531-0,57,4577,34474
27531-0,81,5725,48621
27531-0,89,6123,53223
27531-0,56,4529,33868
27531-0,80,5654,48026
27531-0,91,6190,54111
27531-0,94,6312,55709
27531-0,79,5603,47456
27531-0,78,5555,46870
27531-0,87,6016,52100
27531-0,85,5934,50961
27531-0,96,6381,56837
27531-0,97,6424,57378
27531-0,99,6516,58417
27531-0,98,6470,57902
pg20939,08,783,1992
pg20939,06,626,1532
pg20939,03,392,806
pg20939,18,1387,4291
pg20939,07,700,1768
pg20939,20,1482,4736
pg20939,70,3149,16327
pg20939,69,3126,16074
pg20939,26,1702,6153
pg20939,58,2834,13505
pg20939,38,2212,8860
pg20939,17,1333,4064
pg20939,01,195,338
pg20939,02,297,568
pg20939,19,1444,4512
pg20939,04,475,1045
pg20939,00,119,207
pg20939,41,2307,9579
pg20939,12,1061,2873
pg20939,09,853,2203
pg20939,11,1002,2646
pg20939,16,1281,3824
pg20939,51,2636,11889
pg20939,05,559,1291
pg20939,21,1519,4971
pg20939,22,1563,5195
pg20939,50,2616,11641
pg20939,35,2086,8197
pg20939,13,1131,3108
pg20939,10,929,2431
pg20939,57,2814,13273
pg20939,15,1236,3585
pg20939,66,3062,15362
pg20939,14,1186,3342
pg20939,88,3670,20554
pg20939,23,1599,5424
pg20939,27,1740,6392
pg20939,60,2891,13954
pg20939,31,1906,7306
pg20939,40,2278,9342
pg20939,39,2248,9094
pg20939,29,1805,6855
pg20939,24,1636,5663
pg20939,74,3241,17285
pg20939,25,1675,5911
pg20939,62,2930,14449
pg20939,34,2036,7975
pg20939,28,1784,6621
pg20939,30,1848,7086
pg20939,44,2416,10264
pg20939,43,2378,10033
pg20939,46,2480,10723
pg20939,33,1991,7752
pg20939,37,2162,8636
pg20939,93,3798,21614
pg20939,36,2128,8409
pg20939,78,3360,18199
pg20939,32,1947,7527
pg20939,48,2557,11186
pg20939,42,2349,9810
pg20939,83,3548,19440
pg20939,47,2521,10946
pg20939,80,3434,18654
pg20939,53,2698,12355
pg20939,49,2581,11416
pg20939,45,2442,10493
pg20939,65,3015,15183
pg20939,94,3826,21827
pg20939,76,3296,17751
pg20939,52,2662,12128
pg20939,61,2909,14204
pg20939,54,2733,12579
pg20939,68,3101,15842
pg20939,85,3586,19898
pg20939,59,2863,13736
pg20939,56,2788,13051
pg20939,75,3267,17512
pg20939,55,2769,12814
pg20939,67,3074,15598
pg20939,73,3209,17063
pg20939,91,3735,21205
pg20939,82,3515,19177
pg20939,63,2954,14710
pg20939,81,3479,18912
pg20939,72,3189,16842
pg20939,77,3324,17977
pg20939,71,3167,16596
pg20939,98,3940,22632
pg20939,84,3571,19676
pg20939,64,2977,14964
pg20939,79,3402,18431
pg20939,96,3879,22246
pg20939,90,3707,20983
pg20939,92,3765,21414
pg20939,95,3852,22043
pg20939,87,3651,20338
pg20939,99,3967,22838
pg20939,89,3688,20763
pg20939,86,3629,20101
pg20939,97,3910,22430
pg20826,03,998,3143
pg20826,02,848,2360
pg20826,20,3089,16977
pg20826,30,3942,25362
pg20826,05,1213,4660
pg20826,16,2818,13512
pg20826,28,3812,23636
pg20826,15,2754,12631
pg20826,61,5887,51556
pg20826,13,2524,10882
pg20826,18,2962,15256
pg20826,39,4674,32917
pg20826,04,1100,3909
pg20826,48,5170,40657
pg20826,23,3321,19535
pg20826,33,4177,27872
pg20826,01,647,1553
pg20826,11,2260,9242
pg20826,09,1915,7631
pg20826,21,3138,17865
pg20826,12,2444,10044
pg20826,34,4262,28721
pg20826,31,4017,26212
pg20826,00,356,740
pg20826,54,5501,45769
pg20826,07,1588,6115
pg20826,94,7425,79185
pg20826,81,6867,68201
pg20826,06,1367,5326
pg20826,08,1747,6841
pg20826,10,2074,8424
pg20826,14,2643,11748
pg20826,36,4431,30450
pg20826,27,3721,22771
pg20826,43,4946,36301
pg20826,42,4885,35425
pg20826,38,4593,32104
pg20826,22,3196,18742
pg20826,37,4508,31281
pg20826,17,2898,14401
pg20826,51,5356,43134
pg20826,19,3025,16136
pg20826,68,6210,57239
pg20826,40,4746,33722
pg20826,24,3420,20347
pg20826,26,3636,21949
pg20826,35,4345,29584
pg20826,25,3517,21136
pg20826,71,6362,59728
pg20826,32,4102,27051
pg20826,29,3874,24510
pg20826,47,5125,39778
pg20826,89,7201,74969
pg20826,55,5551,46609
pg20826,62,5926,52354
pg20826,44,5007,37144
pg20826,52,5404,44016
pg20826,79,6779,66464
pg20826,41,4817,34567
pg20826,56,5600,47456
pg20826,64,6000,53990
pg20826,58,5735,49077
pg20826,66,6110,55572
pg20826,57,5664,48302
pg20826,49,5207,41535
pg20826,45,5046,38049
pg20826,72,6426,60547
pg20826,65,6044,54791
pg20826,46,5076,38893
pg20826,76,6616,63943
pg20826,59,5786,49923
pg20826,50,5267,42367
pg20826,63,5960,53165
pg20826,53,5463,44905
pg20826,60,5835,50739
pg20826,77,6664,64769
pg20826,74,6518,62261
pg20826,82,6903,69055
pg20826,83,6960,69872
pg20826,86,7091,72403
pg20826,84,7005,70716
pg20826,70,6307,58892
pg20826,73,6475,61396
pg20826,96,7514,80734
pg20826,88,7170,74126
pg20826,75,6566,63088
pg20826,69,6255,58065
pg20826,90,7233,75819
pg20826,67,6171,56399
pg20826,99,7723,82915
pg20826,91,7296,76652
pg20826,78,6720,65610
pg20826,93,7385,78335
pg20826,87,7136,73254
pg20826,80,6827,67331
pg20826,85,7043,71558
pg20826,98,7648,82215
pg20826,95,7464,79970
pg20826,97,7573,81479
pg20826,92,7321,77520
pg22566,01,355,865
pg22566,05,849,2577
pg22566,15,1499,7347
pg22566,00,214,430
pg22566,02,471,1159
pg22566,36,2420,17109
pg22566,03,615,1635
pg22566,06,950,3046
pg22566,08,1090,4000
pg22566,04,726,2119
pg22566,14,1439,6870
pg22566,07,1012,3520
pg22566,13,1395,6374
pg22566,12,1344,5902
pg22566,11,1288,5434
pg22566,28,2089,13423
pg22566,46,2816,21817
pg22566,09,1174,4468
pg22566,59,3222,27905
pg22566,17,1607,8255
pg22566,25,1972,12001
pg22566,10,1230,4953
pg22566,16,1561,7801
pg22566,19,1695,9187
pg22566,21,1793,10124
pg22566,33,2322,15733
pg22566,23,1883,11043
pg22566,27,2041,12948
pg22566,55,3103,26036
pg22566,54,3086,25557
pg22566,20,1756,9648
pg22566,18,1647,8710
pg22566,22,1842,10585
pg22566,38,2494,18070
pg22566,30,2184,14337
pg22566,29,2139,13893
pg22566,39,2540,18535
pg22566,45,2782,21365
pg22566,75,3717,35439
pg22566,50,2961,23680
pg22566,26,2015,12472
pg22566,24,1935,11521
pg22566,35,2398,16642
pg22566,31,2218,14814
pg22566,34,2358,16172
pg22566,43,2682,20446
pg22566,53,3060,25090
pg22566,93,4237,43805
pg22566,60,3260,28374
pg22566,42,2657,19978
pg22566,37,2463,17582
pg22566,79,3858,37286
pg22566,40,2574,19009
pg22566,72,3605,34041
pg22566,32,2250,15288
pg22566,98,4472,45811
pg22566,61,3290,28832
pg22566,81,3915,38258
pg22566,62,3312,29309
pg22566,80,3889,37766
pg22566,47,2843,22304
pg22566,58,3183,27446
pg22566,63,3325,29792
pg22566,41,2618,19484
pg22566,44,2728,20900
pg22566,48,2884,22744
pg22566,56,3128,26515
pg22566,83,3984,39209
pg22566,51,2992,24152
pg22566,74,3693,34976
pg22566,73,3651,34493
pg22566,49,2924,23207
pg22566,64,3350,30287
pg22566,71,3562,33580
pg22566,52,3029,24616
pg22566,76,3748,35906
pg22566,70,3530,33101
pg22566,85,4027,40129
pg22566,89,4122,41985
pg22566,78,3813,36843
pg22566,66,3375,31234
pg22566,91,4162,42935
pg22566,68,3442,32171
pg22566,57,3151,26974
pg22566,69,3501,32624
pg22566,65,3362,30772
pg22566,84,3997,39655
pg22566,86,4053,40596
pg22566,88,4104,41526
pg22566,82,3954,38733
pg22566,67,3413,31699
pg22566,87,4082,41060
pg22566,99,4518,46195
pg22566,94,4271,44211
pg22566,77,3781,36380
pg22566,95,4314,44627
pg22566,90,4138,42463
pg22566,92,4202,43378
pg22566,97,4416,45432
pg22566,96,4367,45021
pg14458,06,1575,5836
pg14458,02,808,2393
pg14458,01,575,1527
pg14458,05,1436,5002
pg14458,00,304,684
pg14458,04,1278,4124
pg14458,03,1065,3266
pg14458,37,4453,32623
pg14458,18,2979,16203
pg14458,21,3255,18759
pg14458,42,4787,37011
pg14458,27,3752,23890
pg14458,17,2869,15346
pg14458,09,1990,8419
pg14458,08,1850,7572
pg14458,13,2488,11846
pg14458,07,1730,6710
pg14458,59,5558,51574
pg14458,20,3153,17916
pg14458,15,2692,13635
pg14458,16,2787,14484
pg14458,19,3056,17055
pg14458,10,2120,9245
pg14458,11,2270,10136
pg14458,60,5600,52426
pg14458,52,5261,45641
pg14458,12,2392,10994
pg14458,14,2598,12736
pg14458,26,3693,22994
pg14458,22,3343,19620
pg14458,39,4600,34396
pg14458,23,3430,20485
pg14458,25,3627,22163
pg14458,24,3533,21354
pg14458,32,4138,28254
pg14458,28,3847,24786
pg14458,33,4218,29124
pg14458,74,6144,64565
pg14458,62,5671,54183
pg14458,29,3914,25647
pg14458,40,4684,35255
pg14458,73,6103,63685
pg14458,43,4837,37872
pg14458,30,3985,26493
pg14458,35,4331,30836
pg14458,56,5423,49030
pg14458,31,4065,27409
pg14458,55,5376,48198
pg14458,50,5168,43945
pg14458,82,6428,71440
pg14458,38,4536,33511
pg14458,67,5858,58452
pg14458,48,5079,42237
pg14458,36,4391,31731
pg14458,63,5704,55036
pg14458,75,6174,65420
pg14458,78,6280,67990
pg14458,51,5213,44750
pg14458,85,6544,74069
pg14458,57,5469,49864
pg14458,49,5124,43104
pg14458,34,4282,29981
pg14458,44,4891,38705
pg14458,53,5297,46473
pg14458,41,4728,36113
pg14458,54,5345,47335
pg14458,47,5036,41358
pg14458,83,6470,72302
pg14458,46,4988,40451
pg14458,77,6244,67140
pg14458,45,4932,39565
pg14458,68,5899,59363
pg14458,64,5738,55892
pg14458,69,5947,60212
pg14458,71,6019,61926
pg14458,96,7094,83682
pg14458,79,6313,68866
pg14458,58,5500,50718
pg14458,98,7185,85431
pg14458,66,5822,57575
pg14458,72,6069,62793
pg14458,93,6919,81126
pg14458,70,5980,61087
pg14458,94,6977,82013
pg14458,91,6799,79371
pg14458,80,6344,69743
pg14458,61,5630,53311
pg14458,81,6387,70591
pg14458,65,5776,56705
pg14458,89,6683,77574
pg14458,95,7025,82902
pg14458,84,6506,73213
pg14458,97,7132,84583
pg14458,76,6212,66277
pg14458,87,6619,75819
pg14458,86,6583,74975
pg14458,92,6864,80251
pg14458,90,6732,78476
pg14458,88,6646,76686
pg14458,99,7236,86247
pg37766,00,144,243
pg37766,01,262,510
pg37766,18,1467,5167
pg37766,11,1078,3239
pg37766,44,2471,12545
pg37766,17,1420,4899
pg37766,59,2849,16904
pg37766,02,364,774
pg37766,09,950,2670
pg37766,04,529,1286
pg37766,07,830,2127
pg37766,55,2747,15737
pg37766,10,1013,2953
pg37766,08,898,2409
pg37766,13,1186,3782
pg37766,12,1134,3518
pg37766,21,1607,6025
pg37766,80,3351,23072
pg37766,05,648,1570
pg37766,06,749,1841
pg37766,03,451,1057
pg37766,14,1245,4061
pg37766,19,1515,5454
pg37766,56,2776,16023
pg37766,26,1793,7438
pg37766,25,1762,7157
pg37766,16,1368,4629
pg37766,23,1693,6582
pg37766,15,1305,4341
pg37766,31,2014,8840
pg37766,35,2183,9973
pg37766,24,1718,6874
pg37766,74,3228,21314
pg37766,30,1965,8566
pg37766,45,2499,12819
pg37766,85,3459,24519
pg37766,60,2869,17205
pg37766,91,3602,26119
pg37766,22,1652,6313
pg37766,73,3199,21019
pg37766,39,2335,11140
pg37766,48,2572,13673
pg37766,34,2139,9690
pg37766,52,2676,14835
pg37766,20,1575,5739
pg37766,84,3436,24245
pg37766,28,1880,8011
pg37766,27,1834,7718
pg37766,41,2393,11710
pg37766,29,1931,8279
pg37766,37,2262,10565
pg37766,32,2058,9120
pg37766,33,2096,9423
pg37766,36,2219,10272
pg37766,51,2655,14539
pg37766,38,2294,10857
pg37766,40,2368,11416
pg37766,54,2727,15432
pg37766,46,2528,13096
pg37766,42,2422,11982
pg37766,43,2444,12277
pg37766,49,2595,13967
pg37766,53,2698,15124
pg37766,58,2825,16627
pg37766,47,2549,13382
pg37766,92,3629,26378
pg37766,61,2888,17509
pg37766,79,3334,22770
pg37766,65,2981,18683
pg37766,99,3862,28090
pg37766,50,2624,14252
pg37766,86,3479,24812
pg37766,67,3033,19280
pg37766,62,2907,17810
pg37766,66,3006,18976
pg37766,72,3171,20745
pg37766,68,3054,19570
pg37766,71,3137,20445
pg37766,63,2922,18093
pg37766,70,3112,20162
pg37766,98,3831,27839
pg37766,57,2795,16319
pg37766,83,3414,23950
pg37766,78,3303,22465
pg37766,64,2955,18387
pg37766,77,3282,22180
pg37766,82,3397,23662
pg37766,69,3070,19870
pg37766,75,3249,21595
pg37766,76,3270,21878
pg37766,93,3659,26627
pg37766,90,3579,25870
pg37766,88,3533,25324
pg37766,81,3373,23359
pg37766,96,3759,27369
pg37766,95,3727,27128
pg37766,87,3487,25083
pg37766,97,3799,27606
pg37766,94,3695,26866
pg37766,89,3554,25601
pg4228,00,53,85
pg4228,03,202,342
pg4228,11,521,1045
pg4228,05,283,517
pg4228,12,557,1124
pg4228,08,410,775
pg4228,14,616,1308
pg4228,04,242,431
pg4228,71,1866,6277
pg4228,18,705,1649
pg4228,10,484,951
pg4228,07,370,694
pg4228,31,1048,2798
pg4228,33,1097,2968
pg4228,29,1004,2612
pg4228,42,1296,3743
pg4228,38,1205,3402
pg4228,63,1750,5589
pg4228,39,1234,3493
pg4228,17,684,1570
pg4228,06,325,598
pg4228,37,1186,3321
pg4228,01,106,159
pg4228,09,450,867
pg4228,21,787,1918
pg4228,23,844,2089
pg4228,20,754,1824
pg4228,13,586,1211
pg4228,27,948,2451
pg4228,53,1535,4728
pg4228,22,817,2004
pg4228,26,927,2359
pg4228,41,1269,3655
pg4228,30,1023,2708
pg4228,02,158,253
pg4228,25,908,2269
pg4228,43,1321,3843
pg4228,47,1397,4199
pg4228,15,632,1388
pg4228,44,1340,3935
pg4228,32,1070,2884
pg4228,36,1168,3232
pg4228,16,665,1482
pg4228,68,1836,6009
pg4228,45,1362,4026
pg4228,69,1842,6097
pg4228,66,1812,5828
pg4228,65,1792,5746
pg4228,34,1122,3059
pg4228,24,877,2177
pg4228,57,1621,5076
pg4228,94,2141,8191
pg4228,19,733,1733
pg4228,51,1497,4555
pg4228,28,983,2529
pg4228,49,1441,4374
pg4228,70,1853,6182
pg4228,60,1678,5356
pg4228,61,1691,5432
pg4228,99,2210,8587
pg4228,73,1888,6452
pg4228,81,1973,7134
pg4228,74,1895,6531
pg4228,75,1904,6626
pg4228,56,1607,4986
pg4228,82,1981,7222
pg4228,46,1378,4107
pg4228,67,1823,5908
pg4228,55,1585,4903
pg4228,78,1936,6886
pg4228,85,2026,7453
pg4228,72,1877,6366
pg4228,35,1142,3147
pg4228,52,1517,4646
pg4228,87,2047,7641
pg4228,40,1252,3570
pg4228,54,1557,4819
pg4228,48,1418,4284
pg4228,90,2078,7875
pg4228,93,2124,8111
pg4228,91,2095,7963
pg4228,84,2014,7374
pg4228,77,1918,6788
pg4228,50,1467,4470
pg4228,98,2198,8508
pg4228,89,2072,7800
pg4228,86,2038,7550
pg4228,76,1912,6708
pg4228,59,1655,5267
pg4228,62,1714,5514
pg4228,58,1636,5166
pg4228,92,2103,8032
pg4228,97,2188,8422
pg4228,96,2169,8346
pg4228,80,1961,7049
pg4228,64,1771,5670
pg4228,79,1946,6967
pg4228,83,1990,7300
pg4228,88,2057,7720
pg4228,95,2157,8265
pg17326,01,912,2261
pg17326,25,5267,30309
pg17326,19,4424,23421
pg17326,02,1205,3403
pg17326,30,5917,35976
pg17326,03,1476,4636
pg17326,14,3670,17685
pg17326,04,1722,5799
pg17326,39,6899,46395
pg17326,05,1954,6995
pg17326,22,4843,26841
pg17326,07,2438,9361
pg17326,26,5404,31447
pg17326,00,486,1115
pg17326,35,6469,41686
pg17326,44,7310,52137
pg17326,33,6233,39331
pg17326,32,6130,38199
pg17326,20,4575,24535
pg17326,23,5003,28005
pg17326,09,2844,11722
pg17326,08,2626,10517
pg17326,06,2221,8189
pg17326,10,3038,12921
pg17326,16,3954,19975
pg17326,13,3539,16505
pg17326,12,3387,15310
pg17326,18,4278,22257
pg17326,38,6809,45221
pg17326,15,3820,18841
pg17326,17,4096,21134
pg17326,24,5134,29173
pg17326,11,3218,14105
pg17326,42,7161,49837
pg17326,27,5541,32520
pg17326,31,6036,37096
pg17326,29,5817,34827
pg17326,52,7933,61367
pg17326,55,8178,64757
pg17326,21,4684,25687
pg17326,37,6708,44048
pg17326,43,7243,50977
pg17326,53,8009,62471
pg17326,34,6339,40500
pg17326,28,5718,33688
pg17326,99,10855,115736
pg17326,51,7820,60244
pg17326,40,6983,47543
pg17326,36,6574,42862
pg17326,57,8332,67077
pg17326,71,9238,83417
pg17326,47,7519,55656
pg17326,46,7455,54491
pg17326,86,10126,100857
pg17326,63,8742,74074
pg17326,65,8873,76476
pg17326,77,9606,90445
pg17326,54,8081,63605
pg17326,49,7634,57945
pg17326,45,7383,53328
pg17326,41,7083,48707
pg17326,67,8993,78747
pg17326,48,7571,56817
pg17326,61,8601,71740
pg17326,59,8469,69467
pg17326,60,8533,70636
pg17326,58,8404,68268
pg17326,78,9662,91577
pg17326,91,10397,106565
pg17326,75,9478,88105
pg17326,56,8257,65900
pg17326,50,7715,59114
pg17326,92,10444,107700
pg17326,68,9060,79883
pg17326,90,10359,105433
pg17326,72,9305,84582
pg17326,69,9130,81054
pg17326,66,8922,77619
pg17326,62,8662,72897
pg17326,79,9740,92757
pg17326,70,9193,82243
pg17326,74,9417,86965
pg17326,89,10307,104272
pg17326,87,10179,102002
pg17326,88,10239,103137
pg17326,83,9985,97407
pg17326,97,10713,113555
pg17326,73,9364,85770
pg17326,81,9854,95088
pg17326,98,10776,114659
pg17326,95,10617,111229
pg17326,93,10488,108852
pg17326,64,8808,75300
pg17326,82,9918,96259
pg17326,76,9542,89282
pg17326,80,9792,93909
pg17326,84,10020,98583
pg17326,96,10659,112413
pg17326,85,10068,99743
pg17326,94,10553,110009
DickensGreatExpectations,03,1691,7813
DickensGreatExpectations,01,1059,3865
DickensGreatExpectations,07,2665,15473
DickensGreatExpectations,02,1403,5837
DickensGreatExpectations,00,641,1919
DickensGreatExpectations,09,3138,19396
DickensGreatExpectations,04,2023,9693
DickensGreatExpectations,12,3650,25181
DickensGreatExpectations,10,3334,21300
DickensGreatExpectations,05,2278,11578
DickensGreatExpectations,06,2481,13500
DickensGreatExpectations,08,2956,17399
DickensGreatExpectations,28,5744,55756
DickensGreatExpectations,32,6149,63514
DickensGreatExpectations,13,3790,27088
DickensGreatExpectations,11,3482,23236
DickensGreatExpectations,23,5231,46237
DickensGreatExpectations,88,10337,171235
DickensGreatExpectations,16,4247,32845
DickensGreatExpectations,14,3963,29002
DickensGreatExpectations,15,4114,30949
DickensGreatExpectations,20,4803,40448
DickensGreatExpectations,22,5108,44340
DickensGreatExpectations,19,4699,38574
DickensGreatExpectations,17,4380,34748
DickensGreatExpectations,91,10472,177023
DickensGreatExpectations,30,5933,59629
DickensGreatExpectations,68,9234,132369
DickensGreatExpectations,33,6267,65425
DickensGreatExpectations,18,4561,36672
DickensGreatExpectations,84,10089,163325
DickensGreatExpectations,24,5375,48108
DickensGreatExpectations,31,6029,61571
DickensGreatExpectations,80,9895,155700
DickensGreatExpectations,76,9701,147967
DickensGreatExpectations,95,10684,184853
DickensGreatExpectations,39,6945,76768
DickensGreatExpectations,73,9513,142250
DickensGreatExpectations,27,5662,53842
DickensGreatExpectations,29,5825,57726
DickensGreatExpectations,85,10144,165339
DickensGreatExpectations,21,4963,42376
DickensGreatExpectations,86,10188,167364
DickensGreatExpectations,26,5568,51983
DickensGreatExpectations,66,9118,128534
DickensGreatExpectations,35,6502,69284
DickensGreatExpectations,83,10038,161420
DickensGreatExpectations,36,6622,71174
DickensGreatExpectations,65,9058,126525
DickensGreatExpectations,93,10590,180906
DickensGreatExpectations,69,9298,134380
DickensGreatExpectations,46,7646,90231
DickensGreatExpectations,92,10547,178931
DickensGreatExpectations,70,9356,136454
DickensGreatExpectations,82,9982,159536
DickensGreatExpectations,41,7159,80650
DickensGreatExpectations,40,7055,78676
DickensGreatExpectations,94,10643,182862
DickensGreatExpectations,49,7880,95969
DickensGreatExpectations,25,5464,50055
DickensGreatExpectations,43,7329,84462
DickensGreatExpectations,67,9173,130458
DickensGreatExpectations,96,10743,186772
DickensGreatExpectations,75,9651,146050
DickensGreatExpectations,81,9947,157643
DickensGreatExpectations,34,6400,67368
DickensGreatExpectations,87,10258,169268
DickensGreatExpectations,44,7430,86343
DickensGreatExpectations,37,6734,73028
DickensGreatExpectations,90,10422,175122
DickensGreatExpectations,38,6855,74872
DickensGreatExpectations,77,9776,149882
DickensGreatExpectations,71,9409,138381
DickensGreatExpectations,72,9452,140302
DickensGreatExpectations,54,8326,105434
DickensGreatExpectations,47,7713,92151
DickensGreatExpectations,45,7532,88313
DickensGreatExpectations,53,8238,103528
DickensGreatExpectations,52,8153,101605
DickensGreatExpectations,42,7255,82568
DickensGreatExpectations,99,10985,192047
DickensGreatExpectations,50,7953,97856
DickensGreatExpectations,79,9858,153755
DickensGreatExpectations,74,9572,144144
DickensGreatExpectations,48,7779,94065
DickensGreatExpectations,58,8612,113033
DickensGreatExpectations,61,8816,118668
DickensGreatExpectations,64,8998,124548
DickensGreatExpectations,56,8521,109169
DickensGreatExpectations,78,9810,151825
DickensGreatExpectations,57,8566,111125
DickensGreatExpectations,98,10852,190472
DickensGreatExpectations,62,8879,120551
DickensGreatExpectations,59,8684,114910
DickensGreatExpectations,51,8064,99711
DickensGreatExpectations,63,8956,122496
DickensGreatExpectations,89,10384,173187
DickensGreatExpectations,97,10776,188765
DickensGreatExpectations,55,8439,107286
DickensGreatExpectations,60,8767,116784
DarwinOriginofSpecies,05,1806,9377
DarwinOriginofSpecies,01,925,2934
DarwinOriginofSpecies,19,3584,32247
DarwinOriginofSpecies,09,2438,15860
DarwinOriginofSpecies,08,2319,14277
DarwinOriginofSpecies,11,2644,19098
DarwinOriginofSpecies,00,505,1330
DarwinOriginofSpecies,10,2551,17471
DarwinOriginofSpecies,30,4242,49953
DarwinOriginofSpecies,03,1421,6135
DarwinOriginofSpecies,13,2882,22372
DarwinOriginofSpecies,02,1189,4537
DarwinOriginofSpecies,07,2199,12654
DarwinOriginofSpecies,04,1650,7761
DarwinOriginofSpecies,20,3631,33854
DarwinOriginofSpecies,15,3175,25713
DarwinOriginofSpecies,06,2013,11024
DarwinOriginofSpecies,12,2739,20691
DarwinOriginofSpecies,14,3031,24033
DarwinOriginofSpecies,31,4269,51562
DarwinOriginofSpecies,17,3386,28971
DarwinOriginofSpecies,18,3497,30614
DarwinOriginofSpecies,23,3786,38612
DarwinOriginofSpecies,16,3256,27314
DarwinOriginofSpecies,22,3719,37030
DarwinOriginofSpecies,21,3678,35433
DarwinOriginofSpecies,43,5103,71209
DarwinOriginofSpecies,26,3956,43422
DarwinOriginofSpecies,90,6747,146709
DarwinOriginofSpecies,86,6674,140342
DarwinOriginofSpecies,29,4220,48312
DarwinOriginofSpecies,50,5473,82595
DarwinOriginofSpecies,92,6776,149929
DarwinOriginofSpecies,28,4160,46690
DarwinOriginofSpecies,37,4709,61296
DarwinOriginofSpecies,33,4393,54842
DarwinOriginofSpecies,24,3824,40230
DarwinOriginofSpecies,41,4945,67837
DarwinOriginofSpecies,27,4059,45067
DarwinOriginofSpecies,25,3870,41829
DarwinOriginofSpecies,81,6540,132216
DarwinOriginofSpecies,35,4496,58063
DarwinOriginofSpecies,83,6597,135420
DarwinOriginofSpecies,85,6664,138709
DarwinOriginofSpecies,44,5200,72920
DarwinOriginofSpecies,38,4763,62922
DarwinOriginofSpecies,97,6886,155834
DarwinOriginofSpecies,47,5334,77841
DarwinOriginofSpecies,36,4615,59703
DarwinOriginofSpecies,95,6868,153807
DarwinOriginofSpecies,46,5293,76251
DarwinOriginofSpecies,91,6756,148315
DarwinOriginofSpecies,32,4349,53272
DarwinOriginofSpecies,67,6063,109648
DarwinOriginofSpecies,78,6460,127455
DarwinOriginofSpecies,89,6739,145107
DarwinOriginofSpecies,40,4883,66197
DarwinOriginofSpecies,53,5553,87291
DarwinOriginofSpecies,79,6476,129057
DarwinOriginofSpecies,34,4432,56444
DarwinOriginofSpecies,99,7126,158865
DarwinOriginofSpecies,39,4833,64575
DarwinOriginofSpecies,96,6879,154834
DarwinOriginofSpecies,94,6854,152832
DarwinOriginofSpecies,42,5011,69516
DarwinOriginofSpecies,45,5258,74651
DarwinOriginofSpecies,54,5594,88874
DarwinOriginofSpecies,84,6635,137039
DarwinOriginofSpecies,80,6520,130613
DarwinOriginofSpecies,52,5537,85751
DarwinOriginofSpecies,75,6393,122644
DarwinOriginofSpecies,55,5690,90495
DarwinOriginofSpecies,59,5837,96868
DarwinOriginofSpecies,57,5760,93687
DarwinOriginofSpecies,48,5388,79435
DarwinOriginofSpecies,87,6718,141986
DarwinOriginofSpecies,65,5996,106483
DarwinOriginofSpecies,58,5786,95256
DarwinOriginofSpecies,49,5432,81026
DarwinOriginofSpecies,62,5935,101679
DarwinOriginofSpecies,88,6729,143511
DarwinOriginofSpecies,51,5507,84186
DarwinOriginofSpecies,66,6024,108055
DarwinOriginofSpecies,74,6351,121032
DarwinOriginofSpecies,73,6301,119362
DarwinOriginofSpecies,82,6571,133814
DarwinOriginofSpecies,56,5735,92075
DarwinOriginofSpecies,69,6166,112900
DarwinOriginofSpecies,71,6246,116143
DarwinOriginofSpecies,98,6992,157380
DarwinOriginofSpecies,64,5968,104850
DarwinOriginofSpecies,61,5907,100072
DarwinOriginofSpecies,93,6828,151533
DarwinOriginofSpecies,60,5868,98451
DarwinOriginofSpecies,68,6090,111234
DarwinOriginofSpecies,70,6229,114551
DarwinOriginofSpecies,72,6276,117756
DarwinOriginofSpecies,63,5956,103264
DarwinOriginofSpecies,77,6450,125865
DarwinOriginofSpecies,76,6432,124248
pg4064,22,2119,9062
pg4064,05,689,2157
pg4064,04,616,1832
pg4064,06,776,2523
pg4064,01,324,723
pg4064,12,1439,4910
pg4064,03,540,1465
pg4064,02,448,1070
pg4064,26,2326,10777
pg4064,31,2611,12838
pg4064,00,194,351
pg4064,15,1664,6156
pg4064,76,4598,31577
pg4064,17,1835,6970
pg4064,16,1744,6538
pg4064,13,1534,5313
pg4064,19,1973,7816
pg4064,09,1163,3697
pg4064,14,1600,5735
pg4064,08,1050,3298
pg4064,30,2564,12420
pg4064,33,2700,13678
pg4064,18,1917,7393
pg4064,36,2860,14923
pg4064,23,2154,9477
pg4064,07,919,2884
pg4064,10,1243,4094
pg4064,24,2211,9930
pg4064,21,2072,8634
pg4064,11,1344,4513
pg4064,25,2261,10365
pg4064,35,2814,14488
pg4064,20,2025,8216
pg4064,34,2756,14074
pg4064,47,3378,19504
pg4064,28,2449,11592
pg4064,27,2390,11190
pg4064,56,3744,23359
pg4064,42,3142,17426
pg4064,39,2977,16193
pg4064,32,2652,13253
pg4064,78,4755,32254
pg4064,54,3626,22566
pg4064,29,2505,12012
pg4064,68,4328,28257
pg4064,63,4130,26163
pg4064,37,2913,15356
pg4064,40,3016,16611
pg4064,38,2940,15769
pg4064,49,3445,20374
pg4064,41,3081,17016
pg4064,93,5345,38573
pg4064,44,3262,18238
pg4064,55,3686,22953
pg4064,95,5436,39405
pg4064,45,3304,18654
pg4064,48,3414,19938
pg4064,70,4412,29054
pg4064,65,4189,27028
pg4064,82,4907,33944
pg4064,64,4160,26599
pg4064,43,3202,17839
pg4064,46,3348,19071
pg4064,87,5092,36009
pg4064,90,5228,37295
pg4064,61,4020,25379
pg4064,91,5275,37724
pg4064,52,3518,21729
pg4064,50,3471,20822
pg4064,94,5385,38991
pg4064,80,4835,33111
pg4064,60,3978,24962
pg4064,62,4080,25773
pg4064,89,5178,36890
pg4064,59,3904,24573
pg4064,57,3793,23766
pg4064,51,3489,21277
pg4064,69,4373,28661
pg4064,67,4269,27864
pg4064,71,4451,29461
pg4064,92,5312,38144
pg4064,79,4796,32674
pg4064,77,4665,31890
pg4064,58,3851,24161
pg4064,72,4482,29878
pg4064,83,4942,34362
pg4064,86,5062,35581
pg4064,73,4519,30283
pg4064,66,4237,27459
pg4064,88,5128,36463
pg4064,84,4986,34757
pg4064,53,3567,22150
pg4064,74,4542,30706
pg4064,81,4867,33535
pg4064,85,5032,35155
pg4064,98,5532,40653
pg4064,75,4561,31157
pg4064,97,5494,40230
pg4064,96,5468,39802
pg4064,99,5583,41071
DickensThePickwickPapers,01,1823,5863
DickensThePickwickPapers,15,6410,49153
DickensThePickwickPapers,17,6773,55479
DickensThePickwickPapers,07,4291,24229
DickensThePickwickPapers,04,3268,14945
DickensThePickwickPapers,02,2404,8848
DickensThePickwickPapers,08,4598,27332
DickensThePickwickPapers,03,2864,11859
DickensThePickwickPapers,00,1061,2875
DickensThePickwickPapers,21,7535,67917
DickensThePickwickPapers,05,3646,18074
DickensThePickwickPapers,10,5190,33640
DickensThePickwickPapers,11,5473,36675
DickensThePickwickPapers,13,5930,42801
DickensThePickwickPapers,06,3995,21138
DickensThePickwickPapers,09,4925,30439
DickensThePickwickPapers,14,6148,45931
DickensThePickwickPapers,16,6562,52267
DickensThePickwickPapers,46,10615,146757
DickensThePickwickPapers,23,7848,74357
DickensThePickwickPapers,20,7350,64811
DickensThePickwickPapers,12,5703,39729
DickensThePickwickPapers,40,9999,127942
DickensThePickwickPapers,62,12200,196834
DickensThePickwickPapers,19,7180,61744
DickensThePickwickPapers,47,10697,149916
DickensThePickwickPapers,29,8731,93147
DickensThePickwickPapers,39,9881,124960
DickensThePickwickPapers,96,14711,304211
DickensThePickwickPapers,18,6970,58723
DickensThePickwickPapers,82,13788,260110
DickensThePickwickPapers,48,10834,153150
DickensThePickwickPapers,52,11242,165690
DickensThePickwickPapers,42,10209,134038
DickensThePickwickPapers,50,11032,159388
DickensThePickwickPapers,81,13731,256940
DickensThePickwickPapers,93,14524,294732
DickensThePickwickPapers,73,13130,231603
DickensThePickwickPapers,59,11904,187499
DickensThePickwickPapers,78,13544,247547
DickensThePickwickPapers,85,14001,269788
DickensThePickwickPapers,22,7732,71119
DickensThePickwickPapers,49,10938,156311
DickensThePickwickPapers,95,14657,301083
DickensThePickwickPapers,24,8007,77420
DickensThePickwickPapers,43,10289,137214
DickensThePickwickPapers,28,8597,90036
DickensThePickwickPapers,87,14116,276029
DickensThePickwickPapers,67,12626,212671
DickensThePickwickPapers,26,8339,83678
DickensThePickwickPapers,41,10117,131001
DickensThePickwickPapers,89,14293,282150
DickensThePickwickPapers,25,8166,80483
DickensThePickwickPapers,27,8461,86842
DickensThePickwickPapers,36,9611,115448
DickensThePickwickPapers,98,14831,310364
DickensThePickwickPapers,91,14440,288546
DickensThePickwickPapers,34,9335,109017
DickensThePickwickPapers,83,13836,263247
DickensThePickwickPapers,94,14568,297886
DickensThePickwickPapers,55,11534,175119
DickensThePickwickPapers,57,11759,181376
DickensThePickwickPapers,58,11862,184394
DickensThePickwickPapers,65,12469,206366
DickensThePickwickPapers,60,11973,190620
DickensThePickwickPapers,44,10381,140348
DickensThePickwickPapers,35,9460,112238
DickensThePickwickPapers,31,8986,99447
DickensThePickwickPapers,45,10493,143560
DickensThePickwickPapers,54,11420,171977
DickensThePickwickPapers,30,8858,96302
DickensThePickwickPapers,53,11341,168819
DickensThePickwickPapers,61,12070,193721
DickensThePickwickPapers,68,12715,215818
DickensThePickwickPapers,32,9097,102609
DickensThePickwickPapers,33,9216,105784
DickensThePickwickPapers,75,13318,237883
DickensThePickwickPapers,80,13672,253798
DickensThePickwickPapers,88,14200,279172
DickensThePickwickPapers,72,13058,228472
DickensThePickwickPapers,38,9788,121751
DickensThePickwickPapers,51,11141,162490
DickensThePickwickPapers,92,14489,291601
DickensThePickwickPapers,70,12874,222161
DickensThePickwickPapers,77,13445,244377
DickensThePickwickPapers,66,12557,209476
DickensThePickwickPapers,79,13619,250677
DickensThePickwickPapers,84,13932,266510
DickensThePickwickPapers,90,14367,285398
DickensThePickwickPapers,86,14045,272945
DickensThePickwickPapers,63,12302,200024
DickensThePickwickPapers,64,12392,203218
DickensThePickwickPapers,37,9692,118600
DickensThePickwickPapers,97,14741,307331
DickensThePickwickPapers,69,12800,218965
DickensThePickwickPapers,56,11668,178298
DickensThePickwickPapers,99,14988,313181
DickensThePickwickPapers,71,12971,225392
DickensThePickwickPapers,74,13225,234727
DickensThePickwickPapers,76,13397,241203
pg6087,03,316,576
pg6087,06,536,1087
pg6087,05,465,917
pg6087,92,3167,14921
pg6087,11,780,1892
pg6087,08,637,1412
pg6087,14,921,2341
pg6087,18,1128,2948
pg6087,00,66,116
pg6087,02,231,397
pg6087,56,2363,9196
pg6087,16,1031,2661
pg6087,73,2750,11968
pg6087,01,140,231
pg6087,22,1312,3612
pg6087,10,732,1728
pg6087,13,876,2175
pg6087,04,382,745
pg6087,09,686,1567
pg6087,52,2265,8523
pg6087,12,825,2026
pg6087,34,1765,5531
pg6087,20,1222,3283
pg6087,27,1515,4408
pg6087,07,594,1253
pg6087,21,1261,3454
pg6087,82,3003,13409
pg6087,25,1436,4075
pg6087,33,1723,5364
pg6087,24,1396,3929
pg6087,29,1579,4724
pg6087,57,2376,9363
pg6087,17,1085,2818
pg6087,31,1647,5047
pg6087,39,1915,6365
pg6087,35,1797,5700
pg6087,19,1175,3116
pg6087,23,1360,3768
pg6087,60,2437,9867
pg6087,26,1471,4242
pg6087,51,2233,8359
pg6087,71,2688,11630
pg6087,67,2579,11035
pg6087,72,2727,11794
pg6087,32,1684,5207
pg6087,44,2055,7192
pg6087,46,2102,7519
pg6087,41,1980,6689
pg6087,15,973,2492
pg6087,36,1828,5866
pg6087,45,2082,7360
pg6087,74,2795,12128
pg6087,38,1881,6194
pg6087,62,2483,10185
pg6087,37,1853,6022
pg6087,30,1616,4878
pg6087,80,2967,13092
pg6087,28,1550,4578
pg6087,42,2006,6862
pg6087,86,3051,14018
pg6087,68,2599,11193
pg6087,64,2523,10527
pg6087,58,2398,9525
pg6087,75,2830,12297
pg6087,55,2340,9025
pg6087,97,3268,15622
pg6087,65,2541,10698
pg6087,40,1950,6521
pg6087,50,2213,8191
pg6087,54,2317,8857
pg6087,85,3041,13866
pg6087,61,2458,10020
pg6087,43,2029,7032
pg6087,49,2189,8012
pg6087,53,2290,8691
pg6087,59,2417,9701
pg6087,47,2140,7681
pg6087,48,2169,7840
pg6087,78,2911,12802
pg6087,63,2503,10352
pg6087,90,3122,14626
pg6087,89,3108,14469
pg6087,96,3246,15490
pg6087,94,3202,15210
pg6087,99,3305,15922
pg6087,70,2650,11459
pg6087,81,2988,13233
pg6087,69,2611,11276
pg6087,91,3148,14757
pg6087,93,3185,15075
pg6087,76,2856,12466
pg6087,98,3292,15766
pg6087,79,2933,12950
pg6087,77,2887,12647
pg6087,66,2561,10869
pg6087,84,3029,13719
pg6087,88,3089,14324
pg6087,87,3069,14168
pg6087,83,3014,13553
pg6087,95,3217,15348
pg4358,09,1191,4808
pg4358,06,979,3354
pg4358,05,855,2884
pg4358,14,1527,7169
pg4358,36,2643,17437
pg4358,27,2275,13227
pg4358,38,2721,18366
pg4358,13,1459,6687
pg4358,24,2124,11847
pg4358,31,2466,15088
pg4358,61,3528,29365
pg4358,54,3307,25907
pg4358,46,3011,22132
pg4358,20,1876,9939
pg4358,76,3899,36641
pg4358,23,2075,11362
pg4358,10,1278,5283
pg4358,65,3623,31361
pg4358,43,2893,20734
pg4358,98,4572,46737
pg4358,22,1986,10914
pg4358,19,1845,9456
pg4358,11,1345,5746
pg4358,52,3225,24994
pg4358,35,2616,16966
pg4358,51,3191,24516
pg4358,66,3661,31821
pg4358,08,1123,4312
pg4358,83,4065,40013
pg4358,03,653,1871
pg4358,96,4467,45947
pg4358,39,2764,18849
pg4358,25,2188,12310
pg4358,85,4131,40935
pg4358,18,1803,8993
pg4358,49,3107,23535
pg4358,44,2948,21187
pg4358,37,2681,17900
pg4358,34,2582,16472
pg4358,15,1624,7603
pg4358,07,1061,3822
pg4358,55,3343,26366
pg4358,94,4372,45137
pg4358,28,2318,13700
pg4358,02,520,1386
pg4358,04,771,2375
pg4358,00,216,429
pg4358,71,3787,34217
pg4358,26,2238,12773
pg4358,88,4193,42390
pg4358,01,398,896
pg4358,33,2540,16003
pg4358,30,2431,14622
pg4358,56,3381,26887
pg4358,81,4029,39023
pg4358,97,4516,46358
pg4358,79,3968,38090
pg4358,90,4236,43387
pg4358,47,3040,22602
pg4358,53,3264,25439
pg4358,48,3073,23070
pg4358,17,1754,8521
pg4358,63,3575,30391
pg4358,69,3744,33252
pg4358,40,2808,19305
pg4358,57,3405,27370
pg4358,16,1690,8039
pg4358,12,1395,6220
pg4358,41,2835,19777
pg4358,87,4177,41917
pg4358,29,2386,14155
pg4358,21,1925,10438
pg4358,91,4259,43858
pg4358,50,3148,24006
pg4358,80,4002,38561
pg4358,32,2499,15558
pg4358,99,4623,47122
pg4358,62,3554,29887
pg4358,42,2863,20261
pg4358,75,3883,36167
pg4358,45,2981,21670
pg4358,60,3507,28815
pg4358,73,3827,35171
pg4358,70,3764,33734
pg4358,92,4300,44292
pg4358,82,4047,39522
pg4358,93,4340,44705
pg4358,77,3916,37129
pg4358,84,4086,40464
pg4358,58,3429,27837
pg4358,64,3608,30879
pg4358,72,3811,34704
pg4358,78,3945,37632
pg4358,67,3691,32290
pg4358,59,3472,28311
pg4358,86,4159,41424
pg4358,74,3858,35661
pg4358,95,4412,45546
pg4358,68,3721,32765
pg4358,89,4218,42901
pg31796,01,649,1598
pg31796,03,1182,3702
pg31796,00,438,968
pg31796,02,959,2638
pg31796,12,2540,12960
pg31796,07,1865,7785
pg31796,05,1518,5740
pg31796,04,1364,4725
pg31796,15,2876,15951
pg31796,14,2781,14905
pg31796,16,3016,16895
pg31796,21,3424,22046
pg31796,09,2221,9895
pg31796,06,1681,6721
pg31796,08,2087,8856
pg31796,11,2421,12002
pg31796,26,3862,27237
pg31796,17,3098,17882
pg31796,10,2319,10949
pg31796,13,2642,13952
pg31796,23,3588,24154
pg31796,30,4159,31266
pg31796,43,4817,44228
pg31796,25,3788,26218
pg31796,37,4530,38209
pg31796,19,3235,19991
pg31796,20,3357,21019
pg31796,18,3162,18955
pg31796,39,4594,40157
pg31796,22,3490,23102
pg31796,24,3694,25188
pg31796,27,3950,28246
pg31796,32,4289,33033
pg31796,64,5925,66359
pg31796,28,4048,29298
pg31796,35,4453,36138
pg31796,33,4350,34036
pg31796,51,5116,53047
pg31796,50,5096,51923
pg31796,29,4090,30262
pg31796,31,4231,32026
pg31796,60,5585,62281
pg31796,45,4913,46283
pg31796,42,4761,43191
pg31796,36,4497,37173
pg31796,68,6104,70538
pg31796,41,4702,42213
pg31796,44,4874,45290
pg31796,38,4570,39217
pg31796,46,4945,47361
pg31796,47,5003,48609
pg31796,75,6546,77920
pg31796,48,5041,49747
pg31796,34,4404,35096
pg31796,69,6146,71570
pg31796,49,5063,50845
pg31796,55,5348,57156
pg31796,52,5152,54090
pg31796,70,6192,72631
pg31796,40,4648,41164
pg31796,53,5240,55102
pg31796,61,5633,63308
pg31796,72,6250,74696
pg31796,77,6651,79993
pg31796,56,5368,58165
pg31796,57,5412,59238
pg31796,74,6483,76843
pg31796,54,5296,56135
pg31796,86,7140,89120
pg31796,58,5481,60253
pg31796,67,6061,69482
pg31796,63,5826,65303
pg31796,59,5542,61260
pg31796,66,6039,68442
pg31796,62,5727,64310
pg31796,89,7293,92207
pg31796,83,6983,86129
pg31796,80,6808,83089
pg31796,65,5991,67409
pg31796,71,6228,73656
pg31796,79,6748,82038
pg31796,90,7367,93215
pg31796,93,7502,96335
pg31796,85,7097,88105
pg31796,76,6613,78956
pg31796,97,7697,100419
pg31796,84,7029,87121
pg31796,73,6363,75755
pg31796,91,7414,94247
pg31796,82,6932,85114
pg31796,78,6703,81014
pg31796,96,7645,99418
pg31796,98,7765,101415
pg31796,95,7576,98413
pg31796,81,6875,84082
pg31796,87,7193,90139
pg31796,94,7534,97363
pg31796,92,7456,95305
pg31796,88,7243,91178
pg31796,99,7841,102334
pg31151,46,8313,50918
pg31151,32,6645,35325
pg31151,47,8420,52044
pg31151,00,444,937
pg31151,92,12592,101458
pg31151,02,997,2567
pg31151,77,11519,85626
pg31151,80,11742,88955
pg31151,93,12596,102149
pg31151,04,1476,4342
pg31151,91,12583,100798
pg31151,01,744,1749
pg31151,03,1242,3383
pg31151,07,2241,7663
pg31151,05,1726,5435
pg31151,22,5196,24102
pg31151,10,2905,11021
pg31151,08,2415,8757
pg31151,75,11363,83467
pg31151,16,4127,17554
pg31151,12,3342,13158
pg31151,13,3583,14199
pg31151,28,6103,30718
pg31151,09,2649,9895
pg31151,11,3090,12150
pg31151,06,1988,6543
pg31151,14,3781,15340
pg31151,17,4324,18674
pg31151,31,6520,34149
pg31151,19,4696,20852
pg31151,18,4502,19838
pg31151,15,3958,16434
pg31151,26,5867,28647
pg31151,39,7532,43288
pg31151,27,5987,29695
pg31151,20,4862,21835
pg31151,38,7410,42151
pg31151,23,5364,25234
pg31151,24,5578,26386
pg31151,25,5737,27500
pg31151,45,8237,49782
pg31151,30,6367,32995
pg31151,21,5007,22982
pg31151,34,6927,37609
pg31151,29,6237,31842
pg31151,48,8544,53183
pg31151,74,11303,82479
pg31151,35,7039,38741
pg31151,53,9024,58968
pg31151,49,8646,54331
pg31151,42,7914,46766
pg31151,44,8125,48772
pg31151,52,8928,57819
pg31151,84,12007,93579
pg31151,36,7157,39885
pg31151,37,7303,41030
pg31151,60,9653,66602
pg31151,33,6785,36453
pg31151,40,7620,44446
pg31151,65,10257,72132
pg31151,41,7786,45583
pg31151,43,8005,47801
pg31151,55,9249,61220
pg31151,71,10990,79048
pg31151,56,9333,62382
pg31151,63,10029,69848
pg31151,73,11206,81403
pg31151,57,9415,63494
pg31151,50,8738,55480
pg31151,51,8843,56641
pg31151,67,10522,74459
pg31151,89,12454,99092
pg31151,76,11434,84508
pg31151,64,10119,71000
pg31151,69,10771,76801
pg31151,58,9489,64622
pg31151,54,9135,60106
pg31151,79,11681,87872
pg31151,59,9566,65622
pg31151,61,9841,67650
pg31151,81,11796,90085
pg31151,66,10407,73307
pg31151,62,9938,68773
pg31151,88,12302,98122
pg31151,99,13020,107715
pg31151,83,11939,92433
pg31151,86,12151,95873
pg31151,95,12708,103813
pg31151,70,10896,77915
pg31151,72,11101,80230
pg31151,90,12575,100133
pg31151,68,10656,75631
pg31151,96,12803,104641
pg31151,87,12225,97014
pg31151,98,12943,106715
pg31151,85,12080,94693
pg31151,82,11865,91239
pg31151,97,12864,105660
pg31151,78,11596,86760
pg31151,94,12623,102833
pg38498,00,388,741
pg38498,18,3526,15710
pg38498,01,691,1560
pg38498,02,975,2408
pg38498,03,1224,3212
pg38498,05,1656,4808
pg38498,04,1428,4004
pg38498,13,2877,11561
pg38498,11,2623,9847
pg38498,09,2311,8207
pg38498,26,4274,22458
pg38498,06,1848,5630
pg38498,08,2159,7351
pg38498,07,2014,6490
pg38498,10,2464,9044
pg38498,12,2745,10685
pg38498,14,3027,12392
pg38498,15,3159,13232
pg38498,23,4035,19875
pg38498,65,7108,55294
pg38498,25,4193,21621
pg38498,38,5342,32571
pg38498,20,3752,17368
pg38498,31,4777,26690
pg38498,16,3300,14033
pg38498,19,3656,16531
pg38498,17,3410,14865
pg38498,28,4487,24166
pg38498,27,4378,23331
pg38498,30,4690,25838
pg38498,21,3861,18195
pg38498,24,4119,20721
pg38498,22,3947,19030
pg38498,32,4890,27526
pg38498,36,5209,30861
pg38498,33,4963,28370
pg38498,44,5780,37616
pg38498,46,5935,39271
pg38498,68,7326,57681
pg38498,53,6374,45188
pg38498,34,5040,29217
pg38498,41,5552,35142
pg38498,29,4598,24986
pg38498,35,5131,30024
pg38498,60,6814,51152
pg38498,66,7192,56085
pg38498,86,8478,72323
pg38498,39,5408,33454
pg38498,70,7458,59312
pg38498,49,6126,41802
pg38498,48,6061,40947
pg38498,51,6266,43472
pg38498,75,7779,63369
pg38498,42,5635,35975
pg38498,47,6004,40112
pg38498,54,6458,46019
pg38498,67,7261,56892
pg38498,37,5283,31739
pg38498,97,9278,80937
pg38498,40,5490,34278
pg38498,57,6621,48604
pg38498,52,6317,44365
pg38498,82,8251,69016
pg38498,73,7643,61776
pg38498,43,5722,36784
pg38498,59,6735,50357
pg38498,62,6934,52788
pg38498,79,8096,66584
pg38498,95,9167,79431
pg38498,71,7514,60122
pg38498,45,5850,38457
pg38498,58,6657,49523
pg38498,72,7576,60936
pg38498,90,8646,75614
pg38498,50,6192,42633
pg38498,55,6528,46875
pg38498,93,8961,77919
pg38498,80,8135,67400
pg38498,81,8214,68198
pg38498,63,6977,53637
pg38498,64,7035,54493
pg38498,84,8361,70702
pg38498,56,6575,47752
pg38498,76,7883,64174
pg38498,87,8523,73167
pg38498,92,8854,77146
pg38498,91,8718,76405
pg38498,77,7970,64966
pg38498,74,7707,62580
pg38498,83,8305,69893
pg38498,99,9414,82361
pg38498,85,8413,71508
pg38498,61,6885,51965
pg38498,94,9082,78645
pg38498,78,8026,65779
pg38498,69,7397,58512
pg38498,89,8595,74792
pg38498,88,8564,73970
pg38498,98,9351,81661
pg38498,96,9224,80191
pg34381,00,454,994
pg34381,01,884,2230
pg34381,07,2623,9905
pg34381,03,1471,4746
pg34381,04,1785,6024
pg34381,02,1193,3483
pg34381,05,2070,7296
pg34381,22,5406,29287
pg34381,10,3295,13717
pg34381,11,3537,15032
pg34381,08,2856,11183
pg34381,06,2349,8589
pg34381,19,4949,25388
pg34381,09,3082,12452
pg34381,14,4157,18902
pg34381,13,3961,17629
pg34381,20,5119,26685
pg34381,15,4320,20201
pg34381,12,3763,16347
pg34381,18,4800,24086
pg34381,26,5939,34444
pg34381,23,5535,30569
pg34381,35,7046,45811
pg34381,17,4657,22799
pg34381,27,6049,35736
pg34381,16,4522,21485
pg34381,34,6935,44532
pg34381,28,6159,36990
pg34381,24,5677,31887
pg34381,36,7130,47049
pg34381,21,5244,28005
pg34381,25,5809,33183
pg34381,41,7644,53337
pg34381,30,6405,39534
pg34381,43,7836,55848
pg34381,32,6688,42031
pg34381,45,8065,58407
pg34381,55,9019,71160
pg34381,29,6279,38242
pg34381,44,7957,57105
pg34381,73,10384,93978
pg34381,31,6557,40785
pg34381,48,8372,62213
pg34381,39,7460,50829
pg34381,71,10280,91490
pg34381,53,8852,68553
pg34381,33,6799,43313
pg34381,38,7334,49536
pg34381,52,8770,67276
pg34381,51,8694,66020
pg34381,65,9893,83891
pg34381,46,8165,59713
pg34381,96,12076,122612
pg34381,40,7534,52082
pg34381,37,7226,48282
pg34381,60,9473,77488
pg34381,99,12294,126042
pg34381,50,8569,64749
pg34381,49,8452,63475
pg34381,57,9219,73706
pg34381,58,9315,74983
pg34381,42,7730,54593
pg34381,76,10588,97791
pg34381,61,9542,78810
pg34381,97,12136,123687
pg34381,62,9647,80057
pg34381,47,8270,60965
pg34381,63,9723,81319
pg34381,54,8932,69844
pg34381,68,10102,87703
pg34381,59,9388,76249
pg34381,74,10456,95241
pg34381,80,10878,102829
pg34381,88,11369,113002
pg34381,56,9112,72428
pg34381,83,11025,106624
pg34381,86,11205,110442
pg34381,64,9800,82601
pg34381,66,9970,85180
pg34381,77,10658,99007
pg34381,69,10178,88960
pg34381,72,10345,92727
pg34381,75,10529,96537
pg34381,87,11269,111697
pg34381,81,10928,104097
pg34381,70,10233,90234
pg34381,95,11965,121618
pg34381,91,11619,116840
pg34381,98,12211,124889
pg34381,82,10974,105366
pg34381,78,10749,100259
pg34381,67,10035,86424
pg34381,85,11130,109157
pg34381,92,11690,118138
pg34381,79,10803,101537
pg34381,93,11774,119413
pg34381,89,11457,114264
pg34381,94,11852,120503
pg34381,90,11544,115546
pg34381,84,11068,107891
WellsTimeMachine,02,416,1011
WellsTimeMachine,08,877,3127
WellsTimeMachine,10,1056,3852
WellsTimeMachine,32,2487,11756
WellsTimeMachine,95,4789,34625
WellsTimeMachine,07,803,2763
WellsTimeMachine,30,2400,11017
WellsTimeMachine,01,310,678
WellsTimeMachine,72,4102,26377
WellsTimeMachine,55,3496,20128
WellsTimeMachine,45,3091,16528
WellsTimeMachine,13,1261,4955
WellsTimeMachine,85,4472,31148
WellsTimeMachine,57,3583,20852
WellsTimeMachine,40,2882,14684
WellsTimeMachine,79,4295,28944
WellsTimeMachine,48,3224,17563
WellsTimeMachine,37,2721,13603
WellsTimeMachine,35,2636,12849
WellsTimeMachine,34,2577,12488
WellsTimeMachine,04,585,1701
WellsTimeMachine,80,4319,29320
WellsTimeMachine,62,3752,22688
WellsTimeMachine,27,2202,9997
WellsTimeMachine,31,2448,11381
WellsTimeMachine,06,754,2421
WellsTimeMachine,60,3684,21948
WellsTimeMachine,05,680,2053
WellsTimeMachine,03,507,1382
WellsTimeMachine,00,196,337
WellsTimeMachine,36,2673,13232
WellsTimeMachine,52,3386,19029
WellsTimeMachine,15,1389,5722
WellsTimeMachine,16,1466,6076
WellsTimeMachine,09,964,3495
WellsTimeMachine,28,2269,10347
WellsTimeMachine,22,1883,8219
WellsTimeMachine,44,3052,16164
WellsTimeMachine,19,1698,7135
WellsTimeMachine,11,1130,4243
WellsTimeMachine,20,1760,7505
WellsTimeMachine,12,1204,4593
WellsTimeMachine,14,1319,5354
WellsTimeMachine,18,1614,6788
WellsTimeMachine,24,2017,8917
WellsTimeMachine,41,2926,15054
WellsTimeMachine,29,2337,10685
WellsTimeMachine,17,1535,6416
WellsTimeMachine,33,2534,12109
WellsTimeMachine,93,4718,33984
WellsTimeMachine,21,1819,7869
WellsTimeMachine,75,4177,27503
WellsTimeMachine,94,4755,34312
WellsTimeMachine,50,3308,18288
WellsTimeMachine,23,1953,8568
WellsTimeMachine,89,4587,32659
WellsTimeMachine,25,2076,9291
WellsTimeMachine,26,2140,9636
WellsTimeMachine,46,3129,16877
WellsTimeMachine,54,3455,19768
WellsTimeMachine,42,2971,15422
WellsTimeMachine,47,3175,17214
WellsTimeMachine,53,3423,19393
WellsTimeMachine,51,3349,18655
WellsTimeMachine,88,4549,32297
WellsTimeMachine,49,3262,17930
WellsTimeMachine,39,2840,14318
WellsTimeMachine,65,3858,23787
WellsTimeMachine,43,3013,15790
WellsTimeMachine,78,4271,28572
WellsTimeMachine,59,3651,21600
WellsTimeMachine,58,3618,21216
WellsTimeMachine,92,4692,33656
WellsTimeMachine,69,4015,25233
WellsTimeMachine,84,4452,30782
WellsTimeMachine,38,2779,13968
WellsTimeMachine,66,3905,24143
WellsTimeMachine,96,4825,34948
WellsTimeMachine,90,4633,32997
WellsTimeMachine,56,3544,20485
WellsTimeMachine,81,4364,29684
WellsTimeMachine,64,3843,23405
WellsTimeMachine,82,4399,30049
WellsTimeMachine,61,3722,22325
WellsTimeMachine,76,4210,27869
WellsTimeMachine,63,3797,23046
WellsTimeMachine,71,4076,25994
WellsTimeMachine,70,4053,25608
WellsTimeMachine,77,4240,28209
WellsTimeMachine,67,3947,24512
WellsTimeMachine,98,4907,35538
WellsTimeMachine,73,4128,26757
WellsTimeMachine,83,4428,30422
WellsTimeMachine,68,3986,24859
WellsTimeMachine,74,4147,27131
WellsTimeMachine,86,4500,31521
WellsTimeMachine,87,4519,31907
WellsTimeMachine,97,4861,35246
WellsTimeMachine,99,4938,35850
WellsTimeMachine,91,4670,33337
pg43550,05,2183,9959
pg43550,00,619,1630
pg43550,04,1940,8308
pg43550,01,1064,3294
pg43550,22,5190,38865
pg43550,13,3757,23320
pg43550,02,1433,4960
pg43550,16,4257,28450
pg43550,06,2438,11598
pg43550,03,1694,6632
pg43550,07,2672,13224
pg43550,17,4446,30132
pg43550,08,2891,14919
pg43550,12,3625,21577
pg43550,10,3296,18263
pg43550,09,3082,16540
pg43550,11,3491,19876
pg43550,48,7716,82566
pg43550,14,3926,25041
pg43550,27,5739,47260
pg43550,15,4063,26790
pg43550,20,4883,35344
pg43550,44,7442,75746
pg43550,28,5812,48873
pg43550,23,5316,40539
pg43550,18,4587,31844
pg43550,30,5991,52157
pg43550,24,5437,42221
pg43550,19,4741,33593
pg43550,21,5043,37115
pg43550,26,5641,45592
pg43550,25,5541,43889
pg43550,89,10263,151975
pg43550,29,5907,50479
pg43550,34,6424,58748
pg43550,35,6508,60474
pg43550,42,7242,72352
pg43550,36,6602,62212
pg43550,37,6734,63961
pg43550,39,6898,67400
pg43550,45,7510,77437
pg43550,47,7643,80867
pg43550,31,6097,53762
pg43550,55,8247,94618
pg43550,61,8700,104874
pg43550,33,6324,57042
pg43550,43,7343,74084
pg43550,32,6210,55353
pg43550,94,10478,160230
pg43550,53,8118,91167
pg43550,73,9391,124988
pg43550,38,6826,65651
pg43550,88,10218,150401
pg43550,77,9629,132015
pg43550,93,10435,158575
pg43550,50,7845,86082
pg43550,56,8352,96316
pg43550,49,7785,84362
pg43550,83,9968,141978
pg43550,74,9438,126718
pg43550,86,10113,146986
pg43550,91,10344,155204
pg43550,80,9809,137132
pg43550,85,10072,145307
pg43550,41,7141,70715
pg43550,76,9547,130262
pg43550,90,10298,153506
pg43550,58,8490,99724
pg43550,57,8417,98036
pg43550,40,7016,69080
pg43550,46,7556,79166
pg43550,75,9494,128498
pg43550,51,7961,87790
pg43550,78,9684,133729
pg43550,87,10154,148711
pg43550,70,9247,119910
pg43550,79,9748,135430
pg43550,62,8762,106495
pg43550,69,9203,118171
pg43550,59,8553,101439
pg43550,84,10034,143652
pg43550,95,10544,161895
pg43550,82,9922,140380
pg43550,54,8203,92881
pg43550,60,8626,103168
pg43550,92,10394,156932
pg43550,72,9334,123332
pg43550,98,10710,166723
pg43550,66,9071,113038
pg43550,67,9132,114684
pg43550,64,8880,109764
pg43550,63,8824,108108
pg43550,71,9286,121625
pg43550,99,10808,168236
pg43550,81,9875,138751
pg43550,52,8033,89486
pg43550,68,9162,116406
pg43550,65,8977,111422
pg43550,96,10605,163518
pg43550,97,10641,165134
RiceBurroughsAprincessofMars,36,4107,26106
RiceBurroughsAprincessofMars,03,999,2847
RiceBurroughsAprincessofMars,14,2412,10625
RiceBurroughsAprincessofMars,04,1155,3562
RiceBurroughsAprincessofMars,21,3065,15534
RiceBurroughsAprincessofMars,00,349,697
RiceBurroughsAprincessofMars,02,797,2131
RiceBurroughsAprincessofMars,01,581,1421
RiceBurroughsAprincessofMars,40,4358,28865
RiceBurroughsAprincessofMars,07,1581,5730
RiceBurroughsAprincessofMars,06,1438,5018
RiceBurroughsAprincessofMars,05,1303,4290
RiceBurroughsAprincessofMars,96,6595,68976
RiceBurroughsAprincessofMars,08,1714,6442
RiceBurroughsAprincessofMars,09,1862,7164
RiceBurroughsAprincessofMars,10,1966,7844
RiceBurroughsAprincessofMars,15,2528,11319
RiceBurroughsAprincessofMars,12,2203,9235
RiceBurroughsAprincessofMars,18,2820,13452
RiceBurroughsAprincessofMars,24,3313,17618
RiceBurroughsAprincessofMars,13,2305,9910
RiceBurroughsAprincessofMars,29,3702,21138
RiceBurroughsAprincessofMars,22,3141,16225
RiceBurroughsAprincessofMars,16,2635,12029
RiceBurroughsAprincessofMars,32,3883,23290
RiceBurroughsAprincessofMars,11,2070,8568
RiceBurroughsAprincessofMars,31,3825,22586
RiceBurroughsAprincessofMars,19,2904,14147
RiceBurroughsAprincessofMars,49,4797,35408
RiceBurroughsAprincessofMars,17,2733,12743
RiceBurroughsAprincessofMars,25,3407,18305
RiceBurroughsAprincessofMars,26,3477,19016
RiceBurroughsAprincessofMars,38,4239,27456
RiceBurroughsAprincessofMars,20,2967,14853
RiceBurroughsAprincessofMars,27,3558,19742
RiceBurroughsAprincessofMars,30,3762,21866
RiceBurroughsAprincessofMars,55,5045,39752
RiceBurroughsAprincessofMars,23,3220,16914
RiceBurroughsAprincessofMars,48,4751,34701
RiceBurroughsAprincessofMars,45,4624,32541
RiceBurroughsAprincessofMars,46,4672,33259
RiceBurroughsAprincessofMars,57,5110,41208
RiceBurroughsAprincessofMars,56,5081,40462
RiceBurroughsAprincessofMars,33,3925,24023
RiceBurroughsAprincessofMars,60,5235,43388
RiceBurroughsAprincessofMars,63,5353,45531
RiceBurroughsAprincessofMars,41,4420,29617
RiceBurroughsAprincessofMars,34,3999,24706
RiceBurroughsAprincessofMars,50,4851,36133
RiceBurroughsAprincessofMars,43,4521,31075
RiceBurroughsAprincessofMars,75,5888,54100
RiceBurroughsAprincessofMars,35,4063,25389
RiceBurroughsAprincessofMars,61,5274,44107
RiceBurroughsAprincessofMars,39,4291,28161
RiceBurroughsAprincessofMars,44,4562,31801
RiceBurroughsAprincessofMars,52,4939,37578
RiceBurroughsAprincessofMars,53,4974,38314
RiceBurroughsAprincessofMars,78,5982,56247
RiceBurroughsAprincessofMars,82,6107,59146
RiceBurroughsAprincessofMars,28,3642,20439
RiceBurroughsAprincessofMars,58,5152,41945
RiceBurroughsAprincessofMars,37,4173,26780
RiceBurroughsAprincessofMars,73,5828,52666
RiceBurroughsAprincessofMars,99,6786,70812
RiceBurroughsAprincessofMars,67,5524,48470
RiceBurroughsAprincessofMars,83,6139,59871
RiceBurroughsAprincessofMars,69,5653,49854
RiceBurroughsAprincessofMars,72,5789,51982
RiceBurroughsAprincessofMars,74,5862,53380
RiceBurroughsAprincessofMars,51,4902,36833
RiceBurroughsAprincessofMars,84,6174,60577
RiceBurroughsAprincessofMars,54,5014,39022
RiceBurroughsAprincessofMars,47,4716,33981
RiceBurroughsAprincessofMars,42,4478,30340
RiceBurroughsAprincessofMars,59,5181,42675
RiceBurroughsAprincessofMars,94,6499,67666
RiceBurroughsAprincessofMars,65,5432,47021
RiceBurroughsAprincessofMars,91,6391,65475
RiceBurroughsAprincessofMars,80,6053,57716
RiceBurroughsAprincessofMars,70,5699,50550
RiceBurroughsAprincessofMars,85,6207,61279
RiceBurroughsAprincessofMars,90,6369,64780
RiceBurroughsAprincessofMars,86,6233,61973
RiceBurroughsAprincessofMars,62,5318,44826
RiceBurroughsAprincessofMars,66,5490,47728
RiceBurroughsAprincessofMars,93,6464,66920
RiceBurroughsAprincessofMars,77,5953,55539
RiceBurroughsAprincessofMars,76,5909,54839
RiceBurroughsAprincessofMars,68,5577,49165
RiceBurroughsAprincessofMars,95,6560,68336
RiceBurroughsAprincessofMars,89,6331,64099
RiceBurroughsAprincessofMars,71,5753,51270
RiceBurroughsAprincessofMars,88,6298,63412
RiceBurroughsAprincessofMars,81,6083,58444
RiceBurroughsAprincessofMars,64,5389,46267
RiceBurroughsAprincessofMars,98,6719,70219
RiceBurroughsAprincessofMars,92,6435,66191
RiceBurroughsAprincessofMars,97,6660,69599
RiceBurroughsAprincessofMars,87,6262,62700
RiceBurroughsAprincessofMars,79,6010,56972
pg30896,01,1898,7132
pg30896,00,1074,3146
pg30896,02,2638,11052
pg30896,07,5054,30740
pg30896,03,3226,15022
pg30896,04,3701,19018
pg30896,05,4255,22895
pg30896,06,4647,26843
pg30896,11,6421,46689
pg30896,10,5988,42687
pg30896,09,5680,38790
pg30896,08,5385,34696
pg30896,13,6984,54720
pg30896,17,7967,70765
pg30896,12,6712,50749
pg30896,20,8686,82672
pg30896,14,7237,58670
pg30896,16,7761,66726
pg30896,26,9858,106620
pg30896,33,11027,134152
pg30896,22,9072,90694
pg30896,19,8456,78728
pg30896,25,9713,102487
pg30896,15,7557,62632
pg30896,18,8265,74778
pg30896,32,10842,130188
pg30896,21,8892,86677
pg30896,35,11308,142278
pg30896,42,12254,170326
pg30896,24,9483,98574
pg30896,34,11203,138131
pg30896,39,11897,158267
pg30896,41,12136,166311
pg30896,27,10036,110601
pg30896,74,15676,298127
pg30896,37,11610,150342
pg30896,82,16338,330102
pg30896,40,12011,162247
pg30896,49,13211,198498
pg30896,38,11763,154257
pg30896,28,10179,114562
pg30896,31,10679,126254
pg30896,43,12427,174358
pg30896,23,9250,94663
pg30896,36,11467,146353
pg30896,44,12563,178390
pg30896,68,15286,274215
pg30896,29,10335,118451
pg30896,75,15749,302082
pg30896,71,15458,286184
pg30896,69,15353,278157
pg30896,64,14873,258139
pg30896,63,14780,254311
pg30896,53,13697,214408
pg30896,66,15105,266175
pg30896,65,15014,262155
pg30896,76,15813,306029
pg30896,70,15390,282204
pg30896,51,13460,206503
pg30896,89,16829,358123
pg30896,59,14351,238309
pg30896,77,15879,310013
pg30896,54,13787,218400
pg30896,78,15950,314118
pg30896,45,12701,182389
pg30896,52,13577,210459
pg30896,50,13306,202443
pg30896,48,13048,194565
pg30896,83,16379,334203
pg30896,72,15525,290194
pg30896,46,12807,186519
pg30896,67,15202,270246
pg30896,73,15619,294176
pg30896,79,16003,318128
pg30896,30,10533,122355
pg30896,56,14008,226325
pg30896,97,17337,390588
pg30896,80,16110,322148
pg30896,60,14447,242265
pg30896,93,17032,374301
pg30896,47,12934,190536
pg30896,91,16936,366188
pg30896,55,13895,222341
pg30896,94,17132,378385
pg30896,99,17695,397642
pg30896,81,16247,326167
pg30896,84,16474,338199
pg30896,88,16768,354063
pg30896,92,16983,370249
pg30896,62,14715,250254
pg30896,96,17271,386584
pg30896,95,17211,382468
pg30896,87,16704,350046
pg30896,86,16632,346135
pg30896,85,16556,342175
pg30896,98,17546,394140
pg30896,57,14126,230250
pg30896,90,16882,362132
pg30896,61,14594,246295
pg30896,58,14259,234256
PoeWorksVol1,00,438,878
PoeWorksVol1,04,1593,4626
PoeWorksVol1,01,771,1790
PoeWorksVol1,03,1318,3680
PoeWorksVol1,02,1055,2747
PoeWorksVol1,18,3863,17891
PoeWorksVol1,07,2207,7433
PoeWorksVol1,12,3102,12188
PoeWorksVol1,05,1816,5572
PoeWorksVol1,06,2045,6509
PoeWorksVol1,08,2357,8388
PoeWorksVol1,10,2760,10307
PoeWorksVol1,09,2552,9352
PoeWorksVol1,11,2932,11258
PoeWorksVol1,27,4588,26465
PoeWorksVol1,14,3401,14121
PoeWorksVol1,42,6044,41054
PoeWorksVol1,16,3663,16007
PoeWorksVol1,40,5927,39135
PoeWorksVol1,70,7981,67498
PoeWorksVol1,36,5600,35221
PoeWorksVol1,15,3530,15093
PoeWorksVol1,23,4311,22755
PoeWorksVol1,17,3763,16927
PoeWorksVol1,19,3960,18858
PoeWorksVol1,21,4147,20805
PoeWorksVol1,22,4228,21773
PoeWorksVol1,13,3252,13172
PoeWorksVol1,44,6167,42786
PoeWorksVol1,31,5068,30221
PoeWorksVol1,29,4783,28351
PoeWorksVol1,30,4964,29272
PoeWorksVol1,48,6556,46616
PoeWorksVol1,20,4047,19850
PoeWorksVol1,28,4684,27407
PoeWorksVol1,38,5752,37201
PoeWorksVol1,24,4385,23675
PoeWorksVol1,77,8289,74178
PoeWorksVol1,45,6211,43775
PoeWorksVol1,25,4449,24598
PoeWorksVol1,26,4511,25537
PoeWorksVol1,32,5212,31179
PoeWorksVol1,52,6943,50316
PoeWorksVol1,50,6768,48423
PoeWorksVol1,53,7014,51277
PoeWorksVol1,33,5309,32187
PoeWorksVol1,37,5669,36247
PoeWorksVol1,35,5504,34237
PoeWorksVol1,41,5986,40130
PoeWorksVol1,49,6679,47510
PoeWorksVol1,43,6106,41901
PoeWorksVol1,39,5854,38182
PoeWorksVol1,61,7445,58916
PoeWorksVol1,80,8405,77069
PoeWorksVol1,34,5426,33254
PoeWorksVol1,64,7681,61753
PoeWorksVol1,47,6465,45653
PoeWorksVol1,91,9015,87409
PoeWorksVol1,46,6315,44706
PoeWorksVol1,67,7844,64604
PoeWorksVol1,65,7732,62667
PoeWorksVol1,55,7143,53183
PoeWorksVol1,96,9369,92208
PoeWorksVol1,73,8124,70371
PoeWorksVol1,51,6853,49380
PoeWorksVol1,89,8868,85514
PoeWorksVol1,63,7600,60838
PoeWorksVol1,75,8208,72244
PoeWorksVol1,54,7083,52229
PoeWorksVol1,74,8161,71319
PoeWorksVol1,84,8581,80865
PoeWorksVol1,78,8315,75137
PoeWorksVol1,59,7329,56992
PoeWorksVol1,58,7276,56032
PoeWorksVol1,90,8917,86445
PoeWorksVol1,82,8483,79009
PoeWorksVol1,85,8662,81751
PoeWorksVol1,66,7790,63624
PoeWorksVol1,68,7897,65579
PoeWorksVol1,69,7941,66522
PoeWorksVol1,62,7495,59919
PoeWorksVol1,56,7190,54133
PoeWorksVol1,98,9480,93970
PoeWorksVol1,76,8256,73187
PoeWorksVol1,79,8363,76090
PoeWorksVol1,57,7236,55067
PoeWorksVol1,93,9142,89347
PoeWorksVol1,86,8712,82671
PoeWorksVol1,72,8074,69410
PoeWorksVol1,71,8044,68441
PoeWorksVol1,92,9087,88364
PoeWorksVol1,97,9410,93113
PoeWorksVol1,60,7386,57928
PoeWorksVol1,88,8811,84565
PoeWorksVol1,99,9546,94785
PoeWorksVol1,94,9217,90298
PoeWorksVol1,81,8437,78030
PoeWorksVol1,95,9296,91266
PoeWorksVol1,83,8521,79965
PoeWorksVol1,87,8770,83585
WellsWarofTheWorlds,31,3486,20695
WellsWarofTheWorlds,01,526,1232
WellsWarofTheWorlds,00,299,624
WellsWarofTheWorlds,02,727,1886
WellsWarofTheWorlds,04,1043,3156
WellsWarofTheWorlds,45,4342,29420
WellsWarofTheWorlds,03,894,2516
WellsWarofTheWorlds,14,2194,9587
WellsWarofTheWorlds,16,2405,10857
WellsWarofTheWorlds,21,2805,14193
WellsWarofTheWorlds,06,1317,4445
WellsWarofTheWorlds,20,2722,13543
WellsWarofTheWorlds,10,1784,7023
WellsWarofTheWorlds,05,1176,3808
WellsWarofTheWorlds,07,1430,5105
WellsWarofTheWorlds,08,1562,5741
WellsWarofTheWorlds,23,2932,15524
WellsWarofTheWorlds,17,2493,11524
WellsWarofTheWorlds,56,4926,36427
WellsWarofTheWorlds,09,1686,6392
WellsWarofTheWorlds,28,3287,18781
WellsWarofTheWorlds,24,3006,16184
WellsWarofTheWorlds,11,1879,7657
WellsWarofTheWorlds,15,2295,10214
WellsWarofTheWorlds,25,3069,16864
WellsWarofTheWorlds,12,1990,8284
WellsWarofTheWorlds,29,3342,19421
WellsWarofTheWorlds,47,4444,30706
WellsWarofTheWorlds,13,2084,8951
WellsWarofTheWorlds,72,5769,46621
WellsWarofTheWorlds,64,5323,41522
WellsWarofTheWorlds,60,5114,39014
WellsWarofTheWorlds,30,3407,20064
WellsWarofTheWorlds,19,2662,12872
WellsWarofTheWorlds,35,3742,23218
WellsWarofTheWorlds,66,5484,42745
WellsWarofTheWorlds,32,3556,21307
WellsWarofTheWorlds,40,4059,26295
WellsWarofTheWorlds,71,5729,45983
WellsWarofTheWorlds,38,3946,25055
WellsWarofTheWorlds,22,2877,14865
WellsWarofTheWorlds,26,3136,17514
WellsWarofTheWorlds,27,3204,18163
WellsWarofTheWorlds,18,2581,12203
WellsWarofTheWorlds,44,4275,28823
WellsWarofTheWorlds,36,3816,23806
WellsWarofTheWorlds,43,4208,28179
WellsWarofTheWorlds,34,3675,22611
WellsWarofTheWorlds,59,5048,38358
WellsWarofTheWorlds,39,3993,25688
WellsWarofTheWorlds,75,5919,48596
WellsWarofTheWorlds,46,4408,30047
WellsWarofTheWorlds,33,3621,21964
WellsWarofTheWorlds,74,5862,47948
WellsWarofTheWorlds,91,6624,59180
WellsWarofTheWorlds,49,4532,31986
WellsWarofTheWorlds,65,5412,42127
WellsWarofTheWorlds,89,6535,57891
WellsWarofTheWorlds,52,4692,33925
WellsWarofTheWorlds,53,4756,34534
WellsWarofTheWorlds,54,4828,35157
WellsWarofTheWorlds,61,5149,39644
WellsWarofTheWorlds,55,4880,35794
WellsWarofTheWorlds,41,4114,26907
WellsWarofTheWorlds,37,3874,24438
WellsWarofTheWorlds,48,4489,31344
WellsWarofTheWorlds,93,6717,60453
WellsWarofTheWorlds,62,5173,40292
WellsWarofTheWorlds,42,4169,27549
WellsWarofTheWorlds,85,6375,55269
WellsWarofTheWorlds,57,4963,37052
WellsWarofTheWorlds,67,5549,43371
WellsWarofTheWorlds,76,5960,49242
WellsWarofTheWorlds,79,6070,51286
WellsWarofTheWorlds,69,5649,44645
WellsWarofTheWorlds,70,5676,45322
WellsWarofTheWorlds,68,5610,44013
WellsWarofTheWorlds,77,6006,49922
WellsWarofTheWorlds,58,5010,37719
WellsWarofTheWorlds,82,6230,53331
WellsWarofTheWorlds,97,6940,62854
WellsWarofTheWorlds,50,4606,32618
WellsWarofTheWorlds,51,4645,33291
WellsWarofTheWorlds,90,6580,58539
WellsWarofTheWorlds,63,5251,40906
WellsWarofTheWorlds,95,6822,61706
WellsWarofTheWorlds,96,6870,62303
WellsWarofTheWorlds,73,5817,47286
WellsWarofTheWorlds,86,6409,55950
WellsWarofTheWorlds,87,6438,56606
WellsWarofTheWorlds,98,6987,63423
WellsWarofTheWorlds,80,6134,51984
WellsWarofTheWorlds,92,6665,59820
WellsWarofTheWorlds,81,6186,52653
WellsWarofTheWorlds,94,6772,61114
WellsWarofTheWorlds,84,6330,54630
WellsWarofTheWorlds,78,6030,50597
WellsWarofTheWorlds,88,6475,57260
WellsWarofTheWorlds,99,7057,63967
WellsWarofTheWorlds,83,6273,53993
PoeWorksVol2,00,444,967
PoeWorksVol2,03,1145,3957
PoeWorksVol2,02,942,2954
PoeWorksVol2,25,4448,26270
PoeWorksVol2,05,1548,5916
PoeWorksVol2,15,3346,16101
PoeWorksVol2,01,714,1946
PoeWorksVol2,04,1348,4929
PoeWorksVol2,08,2131,8958
PoeWorksVol2,13,3045,14028
PoeWorksVol2,06,1750,6916
PoeWorksVol2,19,3762,20382
PoeWorksVol2,07,1951,7940
PoeWorksVol2,11,2692,11995
PoeWorksVol2,12,2851,12991
PoeWorksVol2,18,3658,19347
PoeWorksVol2,09,2341,9996
PoeWorksVol2,46,6544,47356
PoeWorksVol2,10,2526,11007
PoeWorksVol2,16,3453,17221
PoeWorksVol2,14,3216,15036
PoeWorksVol2,24,4347,25321
PoeWorksVol2,50,6934,51373
PoeWorksVol2,20,3886,21380
PoeWorksVol2,17,3562,18328
PoeWorksVol2,21,4011,22398
PoeWorksVol2,72,8639,73269
PoeWorksVol2,34,5352,35335
PoeWorksVol2,22,4152,23371
PoeWorksVol2,23,4260,24347
PoeWorksVol2,27,4645,28231
PoeWorksVol2,39,5901,40159
PoeWorksVol2,36,5575,37304
PoeWorksVol2,30,4931,31254
PoeWorksVol2,61,7795,62505
PoeWorksVol2,29,4815,30225
PoeWorksVol2,78,9046,79270
PoeWorksVol2,28,4736,29229
PoeWorksVol2,26,4543,27238
PoeWorksVol2,47,6635,48336
PoeWorksVol2,31,5026,32295
PoeWorksVol2,87,9627,88392
PoeWorksVol2,33,5243,34355
PoeWorksVol2,48,6716,49352
PoeWorksVol2,40,5985,41182
PoeWorksVol2,37,5687,38188
PoeWorksVol2,35,5474,36327
PoeWorksVol2,99,10447,100050
PoeWorksVol2,45,6477,46329
PoeWorksVol2,41,6068,42244
PoeWorksVol2,43,6276,44294
PoeWorksVol2,42,6167,43276
PoeWorksVol2,57,7545,58360
PoeWorksVol2,84,9482,85216
PoeWorksVol2,32,5126,33335
PoeWorksVol2,55,7384,56336
PoeWorksVol2,79,9124,80257
PoeWorksVol2,69,8396,70330
PoeWorksVol2,75,8851,76247
PoeWorksVol2,82,9334,83215
PoeWorksVol2,51,7017,52401
PoeWorksVol2,66,8164,67406
PoeWorksVol2,64,8053,65399
PoeWorksVol2,86,9591,87268
PoeWorksVol2,60,7737,61480
PoeWorksVol2,38,5805,39171
PoeWorksVol2,71,8554,72288
PoeWorksVol2,77,8975,78276
PoeWorksVol2,53,7183,54383
PoeWorksVol2,56,7472,57343
PoeWorksVol2,74,8787,75270
PoeWorksVol2,52,7099,53418
PoeWorksVol2,67,8242,68399
PoeWorksVol2,44,6363,45315
PoeWorksVol2,88,9690,89429
PoeWorksVol2,59,7673,60466
PoeWorksVol2,70,8483,71287
PoeWorksVol2,63,7982,64443
PoeWorksVol2,83,9411,84222
PoeWorksVol2,58,7600,59416
PoeWorksVol2,49,6820,50384
PoeWorksVol2,94,10030,95472
PoeWorksVol2,65,8114,66387
PoeWorksVol2,92,9908,93405
PoeWorksVol2,97,10301,98273
PoeWorksVol2,96,10256,97323
PoeWorksVol2,98,10374,99194
PoeWorksVol2,54,7295,55365
PoeWorksVol2,73,8726,74237
PoeWorksVol2,68,8326,69364
PoeWorksVol2,91,9849,92398
PoeWorksVol2,62,7891,63483
PoeWorksVol2,95,10168,96400
PoeWorksVol2,90,9804,91374
PoeWorksVol2,89,9738,90419
PoeWorksVol2,85,9541,86231
PoeWorksVol2,81,9279,82208
PoeWorksVol2,76,8920,77249
PoeWorksVol2,80,9213,81220
PoeWorksVol2,93,9957,94466
pg4361,00,1132,3548
pg4361,03,2901,14412
pg4361,02,2402,10798
pg4361,01,1881,7227
pg4361,04,3354,18089
pg4361,07,4336,29289
pg4361,05,3682,21817
pg4361,10,5067,40447
pg4361,06,4009,25569
pg4361,11,5297,44087
pg4361,15,6155,58858
pg4361,08,4606,32946
pg4361,21,7189,80628
pg4361,09,4844,36704
pg4361,26,7853,98368
pg4361,12,5534,47872
pg4361,14,5967,55181
pg4361,17,6537,66101
pg4361,34,8758,126981
pg4361,18,6724,69720
pg4361,13,5760,51510
pg4361,16,6340,62493
pg4361,44,9664,163136
pg4361,28,8033,105484
pg4361,27,7927,101886
pg4361,37,9011,137956
pg4361,20,7035,77021
pg4361,36,8927,134234
pg4361,19,6888,73333
pg4361,58,10543,213543
pg4361,25,7745,94780
pg4361,38,9112,141493
pg4361,39,9303,145129
pg4361,94,12830,342534
pg4361,43,9585,159548
pg4361,33,8678,123228
pg4361,35,8845,130644
pg4361,71,11436,260282
pg4361,51,10149,188264
pg4361,45,9727,166687
pg4361,31,8416,116236
pg4361,65,11065,238677
pg4361,46,9820,170340
pg4361,70,11391,256697
pg4361,22,7319,84356
pg4361,30,8260,112650
pg4361,86,12312,314062
pg4361,23,7440,87945
pg4361,54,10326,199059
pg4361,50,10088,184836
pg4361,29,8157,109114
pg4361,24,7599,91279
pg4361,41,9439,152351
pg4361,72,11498,263816
pg4361,89,12456,324673
pg4361,42,9507,155943
pg4361,49,10032,181319
pg4361,74,11613,270914
pg4361,40,9384,148775
pg4361,80,12016,292546
pg4361,95,12906,346082
pg4361,63,10957,231534
pg4361,48,9962,177677
pg4361,57,10484,209981
pg4361,97,13054,353162
pg4361,73,11563,267346
pg4361,52,10214,191882
pg4361,59,10597,217162
pg4361,32,8556,119772
pg4361,55,10370,202699
pg4361,78,11873,285183
pg4361,61,10782,224425
pg4361,66,11108,242195
pg4361,90,12501,328216
pg4361,53,10271,195528
pg4361,92,12687,335377
pg4361,68,11284,249433
pg4361,77,11832,281672
pg4361,83,12138,303308
pg4361,64,11016,235052
pg4361,47,9905,173904
pg4361,87,12345,317575
pg4361,60,10679,220792
pg4361,99,13278,360004
pg4361,84,12203,306955
pg4361,79,11958,288919
pg4361,76,11749,278079
pg4361,88,12384,321093
pg4361,56,10427,206360
pg4361,81,12057,296160
pg4361,75,11691,274474
pg4361,98,13135,356738
pg4361,93,12775,338856
pg4361,62,10903,228063
pg4361,85,12260,310441
pg4361,82,12077,299727
pg4361,91,12594,331813
pg4361,96,12978,349576
pg4361,67,11195,245781
pg4361,69,11341,253094
